pubchem_cid,ranked_uniprots,supported_hits,sampled_unsupported_hits
10133,7523,1,300
104152,7474,0,300
10429215,7623,5,300
10457278,6769,1,300
104741,7344,2,300
10547,7336,2,300
10649,7514,2,300
10660,7281,1,300
107706,7381,1,300
107807,7388,1,300
107952,7472,2,300
107979,7618,1,300
107994,7380,1,300
108173,7540,3,300
10917,7482,1,300
110635,7456,13,300
11065,7579,1,300
11224,7384,2,300
115366,7311,1,300
11693,7573,2,300
1174,7544,1,300
119442,6847,1,300
11954253,7622,2,300
11954363,7621,1,300
11954368,6528,1,300
119607,7403,2,300
119828,7393,2,300
121586,7402,1,300
121587,7401,6,300
122142,7534,7,300
122824,7230,2,300
123596,6273,3,300
123619,7400,2,300
123631,7206,43,860
124886,7392,2,300
126941,7262,19,380
129791,7460,2,300
13109,7532,2,300
13221,7373,5,300
132228,7531,1,300
13290219,7623,11,300
133264,7472,1,300
1349907,7545,2,300
135398513,7409,1,300
135398641,7403,1,300
135398658,7355,1,300
135398735,7040,1,300
135398737,7402,25,500
135398740,7406,1,300
135398741,7302,1,300
135398745,7403,19,380
135398748,7327,1,300
135400182,7189,1,300
135401907,7482,1,300
135403648,7257,0,300
135409453,7464,1,300
135413520,5690,1,300
135413523,7094,12,300
135462830,6652,1,300
13769,7581,1,300
145742,7482,3,300
14677,7534,1,300
150311,7384,4,300
151114,6817,15,300
151166,7331,2,300
151170,7467,1,300
15130,7532,1,300
15209,7454,1,300
1547484,7578,2,300
1548887,7396,3,300
1549008,7581,1,300
1549120,7407,1,300
156391,7538,15,300
156422,7348,2,300
156665,7284,3,300
157313,7173,20,400
157838,7211,1,300
157920,7459,0,300
15851,7474,6,300
158550,7065,3,300
158781,7275,1,300
15895902,7617,1,300
159271,7318,2,300
159324,7277,2,300
160024,7471,1,300
16078,7532,1,300
1613,7217,1,300
16362,7375,17,340
163727,7411,2,300
166558,7448,2,300
16759173,6867,1,300
1676,7415,0,300
16760658,7622,2,300
170321,7311,2,300
171548,7412,3,300
174174,7472,5,300
176871,6967,46,920
1775,7534,30,600
185462,7623,21,420
189729,7283,2,300
190816,7303,1,300
1967,7531,1,300
1978,7461,2,300
1981,7385,2,300
1983,7479,12,300
1986,7417,11,300
1989,7471,1,300
20179,7478,3,300
20279,7246,1,300
204101,7153,1,300
2083,7534,1,300
208850,7427,2,300
208910,7532,2,300
2097,7478,2,300
2118,7474,34,680
2145,7536,27,540
21467,7290,3,300
2153,7479,13,300
2157,7455,1,300
2161,7397,1,300
216322,7257,1,300
216457,7443,2,300
2170,7326,1,300
2176,7287,2,300
2179,7385,2,300
21850,7328,2,300
2187,7532,17,340
2244,7544,8,300
2247,7281,5,300
2249,7470,2,300
22502,7213,3,300
2266,7544,2,300
2284,7416,1,300
229455,7576,1,300
2315,7385,4,300
2329,7450,6,300
2337,7544,10,300
2343,7304,4,300
23663959,7622,2,300
23663992,7277,1,300
23667301,7393,1,300
23667962,6696,0,300
23669229,7622,5,300
23675769,7622,2,300
23678981,6562,1,300
23679527,7343,1,300
23681059,7621,2,300
23683779,7623,1,300
23706210,7406,1,300
23724775,7066,1,300
23724780,7381,1,300
23724898,7206,4,300
2375,7211,1,300
2381,7532,3,300
2405,7471,3,300
24244,7054,1,300
243,7544,2,300
247839,7532,1,300
2479,7541,1,300
2482,7541,1,300
2519,7544,64,1280
2520,7454,56,1120
2541,7281,1,300
2554,7475,9,300
2585,7454,4,300
259331,7386,2,300
2662,7225,22,440
26757,7582,1,300
26758,7581,2,300
27072,7407,5,300
2720,7331,12,300
2724385,7424,1,300
2726,7474,10,300
2733,7482,4,300
27522,7525,1,300
2756,7475,1,300
2764,7318,2,300
27661,7542,0,300
2769,7280,6,300
2789,7474,0,300
2796,7542,3,300
2803,7477,3,300
28620,7276,2,300
2910,7309,1,300
2973,7319,1,300
3001055,7407,1,300
3016,7410,13,300
3019,7344,33,660
3025,7396,2,300
3032285,7475,1,300
3033053,7534,2,300
3033332,7237,1,300
3033637,7306,1,300
3033702,7286,1,300
3033824,7442,2,300
3038,7410,11,300
3038222,7332,2,300
3052775,7409,2,300
3055,7532,3,300
3058754,7219,36,720
3059,7475,2,300
30751,7212,1,300
3086651,6975,1,300
3100,7539,3,300
3105,7464,1,300
311,7541,10,300
31100,7090,1,300
31101,7226,1,300
3114,7386,6,300
3117,7542,10,300
31477,7472,2,300
3151,7384,1,300
31640,7319,1,300
31703,7418,2,300
3182,7475,10,300
3226,7543,4,300
3284,7544,2,300
3291,7544,2,300
3292,7478,0,300
3295,7412,1,300
33032,7479,1,300
3308,7472,2,300
3324,7397,1,300
3331,7534,4,300
3333,7464,3,300
3339,7532,1,300
3342,7534,2,300
33572,7532,1,300
33630,7365,0,300
3365,7403,2,300
3373,7407,1,300
338,7544,26,520
3385,7544,5,300
3386,7472,1,300
3393,7313,7,300
3394,7476,2,300
3395,7530,1,300
3397,7410,1,300
34312,7474,1,300
3440,7319,3,300
3446,7479,36,720
34521,7478,2,300
34632,6938,0,300
34633,7385,0,300
3475,7402,2,300
3476,7363,1,300
3478,7381,1,300
3488,7370,1,300
35329,7344,1,300
3559,7312,11,300
3562,7545,46,920
358641,7231,1,300
3608,7475,28,560
3639,7409,12,300
36462,7494,2,300
3647,7319,4,300
36708,7071,0,300
3672,7541,17,340
3673,7532,2,300
3676,7477,0,300
36811,7532,2,300
3698,7478,13,300
3702,7312,2,300
3715,7394,6,300
37274,7032,11,300
3748,7417,2,300
3749,7381,1,300
37542,7409,3,300
3759,7410,2,300
3762,7534,1,300
3763,7544,9,300
3784,7460,4,300
3825,7534,7,300
3878,7475,0,300
38945,7541,1,300
3899,7409,1,300
3902,7534,17,340
39147,7464,2,300
3957,7392,2,300
3964,7406,3,300
4011,7581,3,300
4020,7409,0,300
4037,7409,2,300
4044,7475,2,300
4055,7582,7,300
4066,7532,1,300
4075,7478,4,300
4078,7466,5,300
4091,7479,2,300
40973,7581,2,300
4100,7342,11,300
41022,7374,1,300
4114,7582,26,520
4116,7545,4,300
4121,7328,4,300
4158,7539,0,300
4168,7406,21,420
41693,7461,1,300
4171,7475,1,300
4174,7541,26,520
41774,7340,3,300
4189,7399,2,300
4192,7406,8,300
4197,7478,30,600
4201,7336,1,300
4205,7535,7,300
42113,7528,3,300
4235,7411,2,300
4237,7466,2,300
43815,7469,1,300
439693,7327,1,300
4409,7582,2,300
44093,7417,1,300
441278,7533,1,300
441313,5827,1,300
441314,7582,3,300
441325,7382,0,300
441336,7448,1,300
441348,7409,0,300
441350,7478,1,300
441351,7622,2,300
441358,6439,0,300
441401,7399,1,300
441411,7206,3,300
4421,7412,2,300
443872,7576,1,300
443873,7282,1,300
443879,7530,2,300
443939,6513,1,300
443958,7445,1,300
444020,7529,0,300
444025,7453,1,300
444030,7449,0,300
444031,7452,1,300
444305,7582,4,300
444795,7532,10,300
444972,7545,1,300
445639,7534,1,300
44571,7476,2,300
4485,7464,44,880
448537,7581,15,300
4493,7403,2,300
4497,7455,1,300
4499,7460,15,300
4507,7461,15,300
4510,7567,0,300
4594,7398,0,300
4595,7472,0,300
460612,7331,1,300
4614,7472,2,300
4616,7329,1,300
4634,7464,2,300
4659569,7473,1,300
467825,7292,1,300
4679,7315,3,300
472335,7386,3,300
4737,7540,12,300
4740,7475,34,680
4748,7388,5,300
4753,7542,0,300
4754,7544,2,300
47576,7368,2,300
4763,7538,1,300
4771,7582,1,300
4781,7532,8,300
48040,7027,0,300
4823,7463,13,300
4828,7475,16,320
4888,7475,0,300
4906,7540,1,300
4909,7539,1,300
4911,7410,1,300
4917,7471,5,300
4927,7535,10,300
493570,7292,3,300
4940,7472,11,300
4943,7582,10,300
4993,7475,1,300
50294,7460,2,300
5070,7340,15,300
5073,7386,1,300
5090,7534,2,300
50963,7409,2,300
5147,7480,2,300
517321,7129,0,300
5206,7582,12,300
52542,7471,2,300
5265,7385,3,300
5278,7236,1,300
5280360,7529,0,300
5280453,7575,1,300
5280483,7574,0,300
5280723,7531,1,300
5280793,7576,1,300
5280795,7575,1,300
5280954,7412,1,300
5280965,7053,0,300
5281004,7521,1,300
5281037,7271,1,300
5281055,7188,2,300
5281068,7304,1,300
5281074,7426,0,300
5281077,7545,1,300
5281078,7455,2,300
5281081,7403,1,300
5281104,7575,1,300
5282183,7428,1,300
5282226,7441,0,300
5282375,7581,6,300
5282379,7532,1,300
5282381,7528,2,300
5282408,7383,2,300
5282415,7427,3,300
5282421,7362,2,300
5282469,7202,1,300
5282474,6765,1,300
5284472,7471,1,300
5284566,7403,0,300
5284583,7479,2,300
5284603,7472,3,300
5284627,7471,4,300
5311035,7524,1,300
5311064,7467,1,300
5311068,7542,1,300
5311071,7576,1,300
5311181,7527,0,300
5311221,7516,0,300
5311225,7523,1,300
5311309,7468,0,300
5312125,7263,0,300
5312153,7372,1,300
53232,7527,1,300
5328940,7271,44,880
53359,7319,2,300
5339,7294,8,300
5342,7460,1,300
5358,7407,12,300
5359,7475,2,300
5360515,7461,5,300
5360696,7534,2,300
5362115,7372,2,300
5362123,7382,1,300
5362129,7384,1,300
5362376,7384,0,300
5362471,6005,5,300
5381,7468,6,300
5405,7515,4,300
54343,7319,4,300
54384,7286,1,300
5440,7531,11,300
54405,7285,3,300
54454,7523,2,300
5452,7532,0,300
5463984,7383,1,300
5464201,6873,1,300
54670067,7582,1,300
54676038,7530,7,300
54676228,7236,2,300
54677470,7236,2,300
54677971,7237,2,300
5468,7475,1,300
54686350,7475,2,300
54690031,7155,2,300
54746,7449,1,300
5484727,7382,1,300
5485193,6578,2,300
54891,7276,1,300
54892,7380,1,300
54900,7270,2,300
5493444,7331,1,300
5497196,7242,0,300
5503,7406,1,300
5505,7475,27,540
5509,7475,2,300
55245,7454,4,300
5526,7479,2,300
5556,7472,1,300
5560,7321,4,300
5576,7505,1,300
5578,7470,1,300
5583,7455,1,300
5584,7578,28,560
5593,7409,3,300
564,7480,30,600
5663,7459,1,300
5665,7482,0,300
5702063,7475,1,300
5702160,7029,2,300
5717,7342,2,300
5719,7471,7,300
5720,7474,2,300
5724,7229,1,300
5734,7417,17,340
5741,7455,2,300
5746,7460,2,300
5754,7528,1,300
5756,7581,0,300
5757,7581,17,340
5790,7331,1,300
5795,7103,3,300
5807,7473,1,300
5815,7226,5,300
5816,7541,2,300
5831,7623,7,300
5833,7527,2,300
5852,7420,1,300
5853,7478,2,300
5870,7534,1,300
5878,7532,1,300
5893,7060,28,560
5905,7331,1,300
5910,7479,1,300
5936,7482,37,740
5962,7479,1,300
5965,7512,2,300
59694,7541,16,320
59772,7289,3,300
59774,7386,0,300
5983,7475,2,300
5991,7581,1,300
5994,7581,18,360
5997,7577,7,300
6013,7532,15,300
6014,6857,1,300
60198,7581,2,300
6047,7475,2,300
6049,7532,2,300
60490,7336,1,300
60692,7379,11,300
60699,7381,3,300
60750,7249,4,300
60781,7152,2,300
60790,7456,13,300
60795,7385,7,300
6081,7475,0,300
60824,7400,2,300
6083,7304,7,300
60846,7283,1,300
60855,7381,1,300
60857,7472,2,300
60875,7230,1,300
60953,7226,1,300
60961,7400,0,300
6100,7401,2,300
610479,7410,2,300
61100,6638,2,300
6140,7479,6,300
6215,7450,1,300
6230,7340,1,300
6253,7331,1,300
6256,7329,1,300
6274,7418,2,300
62770,7423,5,300
6279,7578,1,300
62857,7399,1,300
6287,7482,3,300
6288,7482,2,300
62882,7127,2,300
62956,7384,1,300
62969,7375,2,300
63030,6714,0,300
6306,7482,5,300
6314,7474,0,300
636362,6520,2,300
636399,7537,2,300
64119,7623,8,300
6420009,6817,1,300
6420040,7471,0,300
6420042,7528,3,300
6431825,7260,12,300
6436002,7460,0,300
6444692,7381,47,940
6446,7464,2,300
6450551,7386,13,300
64642,5859,3,300
64922,7207,1,300
65324,7530,2,300
65326,7257,1,300
65327,7472,0,300
65329,6697,0,300
65348,6951,2,300
65494,7335,1,300
656583,7467,0,300
656631,6757,8,300
656652,7408,13,300
656664,7401,3,300
656783,7473,2,300
657201,7620,3,300
657298,7480,2,300
657348,7049,1,300
65889,7294,3,300
65981,7375,0,300
65999,7351,2,300
66062,7463,0,300
66068,6774,0,300
66070,7085,0,300
66250,7330,0,300
66259,7402,3,300
66383,7348,2,300
667467,7475,2,300
667476,7581,1,300
667484,7475,7,300
6726,7581,1,300
68304,7086,4,300
6850814,7284,1,300
68546,6845,3,300
68551,7225,0,300
68553,6971,2,300
68617,7534,1,300
6883,7582,0,300
68844,7397,11,300
6914273,7402,1,300
6917793,7285,1,300
6917815,7471,1,300
6917956,7406,1,300
6918003,7201,0,300
6918034,6779,12,300
6918078,7454,1,300
6918132,6935,11,300
69568,7477,0,300
71177,6465,5,300
71320,7381,1,300
71329,7385,2,300
71355,7145,2,300
71764,7285,12,300
71793,7331,1,300
71992,7303,1,300
72734318,7344,0,300
7550,7620,1,300
77991,7540,2,300
78000,7381,1,300
82148,7538,2,300
8280,7543,1,300
8288,7361,1,300
8307,7380,1,300
8366,7203,2,300
84003,7380,2,300
864,7480,0,300
8695,7408,0,300
876,7420,3,300
8955,7532,1,300
89594,7544,49,980
9034,7475,1,300
9051,7581,1,300
91430,6373,3,300
91725,7606,1,300
92163,6978,0,300
9270,7578,7,300
92727,7286,2,300
936,7482,1,300
9373,7577,2,300
938,7482,4,300
9556529,7211,0,300
9570076,6811,1,300
9574101,7266,1,300
9574343,7368,0,300
9642,7446,1,300
9651,7473,1,300
967,7479,1,300
9681,7388,1,300
9795678,6539,4,300
985,7537,4,300
9859832,7534,6,300
9869929,7183,1,300
9878,7460,2,300
