pubchem_cid,ligand_title,ranked_uniprots,expected_supported_target_degree,known_yamanishi_targets_in_affinity_file,known_any_supported_targets_in_affinity_file
3446,Gabapentin,7479,15.438694708237758,36,36
448537,Diethylstilbestrol,7581,13.523775311166661,15,15
2519,Caffeine,7544,13.422260812066922,64,64
3058754,Deracoxib,7219,12.751546288186098,36,36
4485,Nifedipine,7464,12.512780978926004,44,44
3117,Disulfiram,7542,12.103680697919083,10,10
2520,Verapamil,7454,12.02521137963383,56,56
3562,Halothane,7545,11.773628832527287,46,46
185462,Bosentan Monohydrate,7623,11.734108647111075,21,21
4114,8-Methoxypsoralen,7582,11.369287404057623,26,26
5936,Diisopropyl Fluorophosphate,7482,11.307064183787068,37,37
5206,Sevoflurane,7582,11.252432190221123,12,12
3019,Diazoxide,7344,11.250314732188894,33,33
564,6-Aminohexanoic Acid,7480,11.173855725321083,30,30
4943,Propofol,7582,11.13465123608457,10,10
59694,"Benzonitrile, 4-(5,6,7,8-tetrahydroimidazo(1,5-a)pyridin-5-yl)-, hydrochloride (1:1)",7541,10.970023713200712,16,16
1775,Phenytoin,7534,10.727229918883225,30,30
2187,Anastrozole,7532,10.406748297784908,17,17
3902,Letrozole,7534,10.381522048643998,17,17
16362,Pimozide,7375,10.298842706691932,17,17
444795,Retinoic Acid,7532,10.253973610268773,10,10
311,Citric Acid,7541,10.186733912445094,10,10
5584,Trimipramine,7578,10.182312211575661,28,28
5070,Riluzole,7340,10.168421362345414,15,15
123631,Gefitinib,7206,9.902786632113626,43,43
135398737,Clozapine,7402,9.80893656892642,25,25
4737,Pentobarbital,7540,9.776925623270964,12,12
64119,Caffeine Monohydrate,7623,9.708020366116108,8,8
2118,Alprazolam,7474,9.637922580093507,34,34
2145,Aminoglutethimide,7536,9.61902644141588,27,27
176871,Erlotinib Hydrochloride,6967,9.618861489140931,46,46
5831,Carbachol,7623,9.600314823222183,7,7
4174,Metyrapone,7541,9.574683198458484,26,26
4740,Pentoxifylline,7475,9.548931195753134,34,34
2337,Benzocaine,7544,9.524245333446139,10,10
5893,Nadide (JAN/USAN/INN),7060,9.501533846986447,28,28
4828,Pindolol,7475,9.36316771480019,16,16
4168,Metoclopramide,7406,9.346665039082394,21,21
3763,Isoflurane,7544,9.173632046838005,9,9
5505,Tolbutamide,7475,9.059756914387147,27,27
135398745,Olanzapine,7403,9.046403976008353,19,19
5282375,Etretinate,7581,8.949821259520698,6,6
3559,Haloperidol,7312,8.76000989375499,11,11
1983,Acetaminophen,7479,8.677743780112731,12,12
126941,Methotrexate,7262,8.612300040508108,1,19
5734,Zonisamide,7417,8.603328082074993,17,17
157313,Epinastine Hydrochloride,7173,8.587928342869672,20,20
2153,Theophylline,7479,8.489289775486315,13,13
3672,"Ibuprofen, (+-)-",7541,8.37880702740153,7,17
4507,Nitrendipine,7461,8.374660881716354,15,15
3608,Hexobarbital,7475,8.356894278197325,28,28
15851,Ketamine Hydrochloride,7474,8.28246151749838,6,6
4499,Nisoldipine,7460,8.275479211084052,15,15
13290219,Acetazolamide Sodium,7623,8.242903083670198,11,11
6431825,Chlorpromazine Hibenzate,7260,8.092453114173816,12,12
5358,Sumatriptan,7407,8.015597293161468,12,12
338,Salicylic Acid,7544,7.994847641449548,7,26
6420042,Dizocilpine Maleate,7528,7.849856855429429,3,3
89594,Nicotine,7544,7.8391944040811055,49,49
156391,Naproxen,7538,7.812688274463239,6,15
3182,Diprophylline,7475,7.807571387366177,10,10
4100,Methazolamide,7342,7.8004445276528624,11,11
3393,Flurazepam,7313,7.723545417672633,7,7
3226,Enflurane,7543,7.714265587692678,4,4
3698,Amrinone,7478,7.682372500466709,13,13
2554,Carbamazepine,7475,7.6588698315401516,9,9
4192,Midazolam,7406,7.630784465994308,8,8
2720,Chlorothiazide,7331,7.6297193678073505,12,12
4940,Propiomazine,7472,7.605177026289975,11,11
4197,Milrinone,7478,7.603710173436207,30,30
71764,Alfuzosin Hydrochloride,7285,7.573300561802867,12,12
5719,Zaleplon,7471,7.564194644456696,7,7
6450551,Axitinib,7386,7.4823787080857596,13,13
3385,5-Fluorouracil,7544,7.479279222576317,5,5
4927,Promethazine,7535,7.459122766251488,10,10
110635,Tadalafil,7456,7.341386978028512,13,13
60790,Toborinone,7456,7.339189919394543,13,13
667484,Etomidate,7475,7.33144152002294,7,7
656652,Oxtriphylline,7408,7.255883104497027,13,13
3016,Diazepam,7410,7.238491404795677,13,13
60198,Exemestane,7581,7.209924431236503,2,2
4823,Pimobendan,7463,7.185505549210921,13,13
5440,Thiethylperazine,7531,7.164042114582454,11,11
68844,Brinzolamide,7397,7.0633949330979195,11,11
1986,Acetazolamide,7417,7.034944413151579,11,11
3114,Disopyramide,7386,6.999027815837586,6,6
5339,Sulfasalazine,7294,6.94507641575964,8,8
3038,Dichlorphenamide,7410,6.851183715355698,11,11
60692,Sezolamide Hydrochloride,7379,6.812014502885753,11,11
1349907,Methimazole,7545,6.801298264159621,2,2
3639,Hydrochlorothiazide,7409,6.738171836753489,12,12
6444692,Mubritinib,7381,6.735935514175902,47,47
151114,Exatecan Mesylate,6817,6.675977619143826,15,15
9859832,"1R-cis-3,3,5-trimethylcyclohexyl ester5-oxo-L-proline",7534,6.671370926405394,6,6
122142,Cocaine (USP),7534,6.6540582095497145,7,7
5757,Estradiol,7581,6.604402694075413,2,17
5381,Tazarotene,7468,6.579402753738292,6,6
2769,Cisapride (USP/INN),7280,6.476117301569641,6,6
108173,Tocainide Hydrochloride,7540,6.40336932863443,3,3
4055,Menadione,7582,6.401628836647878,7,7
9270,Ethynodiol Diacetate,7578,6.349857749683588,7,7
6083,Adenosine Monophosphate,7304,6.306929054130204,7,7
4011,Maprotiline,7581,6.2352226177759515,3,3
2662,Celecoxib,7225,6.233689686271012,3,22
444305,L-Tartaric acid,7582,6.067401744053001,4,4
37274,Etazolate Hydrochloride,7032,5.999022063057925,11,11
6918132,Dorzolamide Hydrochloride,6935,5.973737782313992,11,11
54676038,Dicoumarol,7530,5.897524490391953,7,7
5328940,Bosutinib,7271,5.88913506048843,44,44
3825,Ketoprofen,7534,5.867308631132581,7,7
135413523,Sildenafil Citrate,7094,5.81549191936558,12,12
6306,L-Isoleucine,7482,5.696210871651248,5,5
5994,Progesterone,7581,5.615564983791419,2,18
11954253,Kainic acid monohydrate,7622,5.589669197631861,2,2
6140,L-Phenylalanine,7479,5.527482264807187,6,6
4205,Mirtazapine,7535,5.521451023964049,7,7
41022,Flecainide Acetate,7374,5.488029379385433,1,1
657201,Anisotropine methylbromide,7620,5.454691074223542,3,3
13769,Testolactone,7581,5.399168367814609,1,1
3100,Diphenhydramine,7539,5.371233226687344,3,3
60795,Aripiprazole,7385,5.3205972541280735,7,7
2381,Biperiden,7532,5.272003618038971,3,3
2726,Chlorpromazine,7474,5.191343703680898,10,10
3055,Diphenidol,7532,5.182596781733904,3,3
10429215,Arkitropin,7623,5.149986658018153,5,5
6918034,Olprinone Hydrochloride Hydrate,6779,5.134084866401286,12,12
657298,Propylthiouracil,7480,5.095436080377078,2,2
4116,Methoxyflurane,7545,5.028308913390012,4,4
121587,Galantamine Hydrobromide,7401,5.009233885347689,6,6
5405,Terfenadine,7515,4.992440392355687,4,4
5312125,Silodosin,7263,4.916971341248542,0,0
4781,Phenylbutazone,7532,4.913916121834038,8,8
64642,Quinaglute (TN),5859,4.890839226414322,3,3
11693,Glycopyrrolate,7573,4.804397039984896,2,2
5717,Zafirlukast,7342,4.796188838086716,2,2
1547484,Cinnarizine,7578,4.785626965937944,2,2
441351,Rocuronium Bromide,7622,4.764651359867632,2,2
23669229,Sodium caffeine benzoate,7622,4.726563731168531,5,5
441314,Miglitol,7582,4.668760681119552,3,3
40973,Desogestrel,7581,4.642145384478452,2,2
3331,Felbamate,7534,4.637185432012216,4,4
36811,Dobutamine,7532,4.631402297752827,2,2
3784,Isradipine,7460,4.563369976871257,4,4
145742,L-Proline,7482,4.489018710691431,3,3
443879,Tolterodine,7530,4.456020940992633,2,2
13221,Mecamylamine Hydrochloride,7373,4.4176954307212055,5,5
156665,Eglumetad monohydrate,7284,4.379111539766062,3,3
68551,Mianserin Hydrochloride,7225,4.372070088909591,0,0
42113,Desflurane,7528,4.353974775052069,3,3
5280793,Ergocalciferol,7576,4.316213181362408,1,1
6287,L-Valine,7482,4.305139316646865,3,3
65889,Apafant,7294,4.287042753053611,3,3
5816,Epinephrine,7541,4.220722397060563,2,2
938,Nicotinic Acid,7482,4.200341313599967,2,4
13109,Levonorgestrel,7532,4.192560976612081,2,2
2733,Chlorzoxazone,7482,4.1868479193240775,4,4
656631,Eletriptan Hydrobromide,6757,4.166497499807609,8,8
3284,Ethinamate,7544,4.1267607294015685,2,2
5265,Spiperone,7385,4.095807375854992,3,3
2796,Clofibrate,7542,4.045289668441961,3,3
5815,Epinephrine Bitartrate,7226,4.0405623141575795,5,5
2329,4-((2-(Benzoylamino)-3-(4-hydroxyphenyl)-1-oxopropyl)amino)benzoic acid,7450,4.038336493425871,6,6
3291,Ethosuximide,7544,4.018183704098441,2,2
3702,Indapamide,7312,4.011815838515524,2,2
2247,Astemizole,7281,4.000505903640027,5,5
472335,Rubitecan,7386,3.9841821626788745,3,3
3488,Glibenclamide,7370,3.984023652931148,1,1
3715,Indomethacin,7394,3.9768587106199726,6,6
5282421,Lisuride Maleate,7362,3.953480645861133,2,2
54343,Daltroban,7319,3.94955733631772,4,4
62770,Daunorubicin Hydrochloride,7423,3.9350709744324,5,5
26758,Selegiline Hydrochloride,7581,3.9286593989633927,2,2
2161,Amlexanox,7397,3.925275480679481,1,1
59772,Sumatriptan Succinate,7289,3.91566283905728,3,3
5280795,Vitamin D3,7575,3.910031169935474,1,1
985,Palmitic Acid,7537,3.90829022125249,4,4
41774,"(3R,4R,5S,6R)-5-(((2R,3R,4R,5S,6R)-5-(((2R,3R,4S,5S,6R)-3,4-dihydroxy-6-methyl-5-(((1S,4R,5S,6S)-4,5,6-trihydroxy-3-(hydroxymethyl)cyclohex-2-en-1-yl)amino)oxan-2-yl)oxy)-3,4-dihydroxy-6-(hydroxymethyl)oxan-2-yl)oxy)-6-(hydroxymethyl)oxane-2,3,4-triol",7340,3.897335846840122,3,3
2343,Benzthiazide,7304,3.882335274320344,4,4
59774,Zofran,7386,3.8756002997282173,0,0
4078,Mesoridazine,7466,3.863659710593324,5,5
22502,"4-Thia-1-azabicyclo(3.2.0)heptane-2-carboxylic acid, 3,3-dimethyl-7-oxo-6-((phenylacetyl)amino)-(2S,5R,6R)-, compd. with 2-(diethylamino)ethyl 4-aminobenzoate, hydrate (1:1:1)",7213,3.8388223443872516,3,3
2315,Bendroflumethiazide,7385,3.826764440150239,4,4
23724898,Chlorpromazine phenolphthalinate,7206,3.8052650555311223,4,4
3440,Furosemide,7319,3.797026496790737,3,3
174174,Npc209773,7472,3.7948802133799417,5,5
60750,Gemcitabine,7249,3.7897570571471717,4,4
3647,Hydroflumethiazide,7319,3.780878622278436,4,4
1548887,Sulindac,7396,3.771079632108252,3,3
2585,Carvedilol,7454,3.750772621589181,4,4
4679,Pantoprazole,7315,3.7453268723278774,3,3
21467,Mexiletine Hydrochloride,7290,3.7395505573927164,3,3
5280453,Calcitriol,7575,3.733689975682167,1,1
50294,Nedocromil,7460,3.72574345235789,2,2
636399,Safrazine Hydrochloride,7537,3.7230276059282223,2,2
3964,Loxapine,7406,3.7215763278128984,3,3
71329,Dofetilide,7385,3.7127426619393225,2,2
4121,Methyclothiazide,7328,3.704124821800014,4,4
9373,Pargyline Hydrochloride,7577,3.685878449616567,2,2
122824,Ethopropazine Hydrochloride,7230,3.685863405962603,2,2
5360696,Dextromethorphan,7534,3.6846825749841208,2,2
656664,Tropisetron hydrochloride,7401,3.6772440477953197,3,3
4917,Prochlorperazine,7471,3.6686178975514525,5,5
4754,Phenacetin,7544,3.6668154335755396,2,2
5073,Risperidone,7386,3.6657352338837836,1,1
5560,Trichlormethiazide,7321,3.6543957591150487,4,4
60699,Topotecan Hydrochloride,7381,3.6378151754954065,3,3
4748,Perphenazine,7388,3.613732714285152,5,5
2176,Ampiroxicam,7287,3.5936050437506295,2,2
54900,Raloxifene Hydrochloride,7270,3.5929616750493993,2,2
55245,Mifepristone,7454,3.576638135484556,4,4
1978,Acebutolol,7461,3.5497606915234625,2,2
5795,Procaine Hydrochloride,7103,3.545948189475387,3,3
62969,Verapamil Hydrochloride,7375,3.526474052210244,2,2
170321,Eldacimibe,7311,3.5117665426710927,2,2
2789,Clobazam,7474,3.5047756576043714,0,0
37542,Ribavirin,7409,3.45992997975365,3,3
2266,Azelaic Acid,7544,3.459654160039479,2,2
9795678,Phencyclidine Hydrochloride,6539,3.4575886147798265,4,4
243,Benzoic Acid,7544,3.455822102407696,2,2
60855,Zanamivir,7381,3.4434690715242047,1,1
493570,Riboflavin,7292,3.4368748757085106,2,3
33630,Penfluridol,7365,3.4239094455439396,0,0
171548,Biotin,7412,3.4184560508924995,3,3
21850,Ambuphylline,7328,3.404693897872267,2,2
3878,Lamotrigine,7475,3.3923197490947463,0,0
39147,Nadolol,7464,3.3670384451143582,2,2
4497,Nimodipine,7455,3.364758441050838,1,1
5991,Ethinylestradiol,7581,3.3636327609578163,1,1
5284583,Levetiracetam,7479,3.359966655593211,2,2
31477,Metipranolol,7472,3.3595617199073486,2,2
876,(+-)-Methionine,7420,3.358814158234423,3,3
2405,Bisoprolol,7471,3.3573208971626913,3,3
4634,Oxybutynin,7464,3.335552497285507,2,2
27072,"2-Propanol, 1-(2-chloro-5-methylphenoxy)-3-((1,1-dimethylethyl)amino)-, hydrochloride (1:1)",7407,3.3180303689326904,5,5
3676,Lidocaine,7477,3.3174141472380922,0,0
5284627,Topiramate,7471,3.3143228869693218,4,4
10917,(-)-Carnitine,7482,3.3090562350571426,1,1
20179,Clonidine Hydrochloride,7478,3.307129778297295,3,3
6918003,Granisetron hydrochloride (JAN/USP),7201,3.300588676691849,0,0
104741,Fulvestrant,7344,3.2959237546765285,2,2
8695,Tetracaine Hydrochloride,7408,3.292111115750069,0,0
3333,Felodipine,7464,3.2797133095237987,3,3
2803,Clonidine,7477,3.2738755858655644,3,3
6049,Ethylenediaminetetraacetic Acid,7532,3.271906567198302,2,2
66259,Oxymetazoline Hydrochloride,7402,3.2681180437918043,3,3
65999,Telmisartan,7351,3.2593059338973585,2,2
656783,Levisoprenaline hydrochloride,7473,3.212745795775463,2,2
3478,Glipizide,7381,3.210003983229621,1,1
54454,Simvastatin,7523,3.2091442112203836,2,2
441348,Chloroprocaine Hydrochloride,7409,3.20819942776591,0,0
33032,L-Glutamic Acid,7479,3.2075752322820312,1,1
5593,Tropicamide,7409,3.191474356419096,3,3
78000,Tamiflu,7381,3.190011498256164,1,1
54405,Brimonidine Tartrate,7285,3.1787019381277672,3,3
3033824,Celgosivir Hydrochloride,7442,3.148069390190019,2,2
229455,Nandrolone Phenylpropionate,7576,3.1477836067447034,1,1
259331,Estramustine,7386,3.135543176236168,2,2
6314,Lidocaine Hydrochloride,7474,3.131863304349265,0,0
47576,Ketoconazole,7368,3.131174875183632,2,2
65324,Dobutamine Hydrochloride,7530,3.1093042985537216,2,2
3033053,Dezocine,7534,3.102004182836375,2,2
62882,Propranolol Hydrochloride,7127,3.095842448082692,2,2
5311071,Dihydrotachysterol,7576,3.094172326002695,1,1
91430,Phentolamine Methanesulfonate,6373,3.0715655077708934,3,3
3957,Loratadine,7392,3.068039756140759,2,2
62857,Reconcile,7399,3.0678211913483926,1,1
6288,L-Threonine,7482,3.055595000363284,2,2
123596,Imatinib Mesylate,6273,3.05056191588955,3,3
9051,Dydrogesterone,7581,3.048544804723443,1,1
5280723,Alprostadil,7531,3.0253560995507205,1,1
158550,Atazanavir Sulfate,7065,3.0198930121362317,3,3
6013,Testosterone,7532,3.0198440704921006,1,15
3386,Fluoxetine,7472,3.0172531146782773,1,1
4771,Phentermine,7582,3.0165257420473006,1,1
6446,Fluoxymesterone,7464,3.0053206473079515,2,2
44571,Brofaromine,7476,2.9963149331112073,2,2
52542,Cimoxatone,7471,2.9744209181475303,2,2
82148,Agomelatine,7538,2.9648424853078885,2,2
5878,Oxandrolone,7532,2.938252277429536,1,1
60824,Befloxatone,7400,2.927073147760844,2,2
5281104,Paricalcitol,7575,2.916336313262644,1,1
5362471,"Morphinan-6-ol, 7,8-didehydro-4,5-epoxy-3-methoxy-17-methyl-, monohydrate, (5alpha,6alpha)-",6005,2.9129082683880543,5,5
5870,Estrone,7534,2.9059408080482383,1,1
1989,Acetohexamide,7471,2.902988492245285,1,1
5284603,Oxycodone,7472,2.8988595918106954,3,3
71177,"Piperidine, 1-methyl-3-(9H-thioxanthen-9-ylmethyl)-, hydrochloride, hydrate (1:1:1)",6465,2.8983276178486497,5,5
3025,Dibucaine,7396,2.8898339958715784,2,2
60857,Zolmitriptan,7472,2.8782532882016425,2,2
11065,Amitriptyline Hydrochloride,7579,2.8779100792003995,1,1
28620,Deslanoside,7276,2.868590628871215,2,2
1174,Uracil,7544,2.8671358617262577,1,1
5503,Tolazamide,7406,2.8647080324148892,1,1
4075,5-Aminosalicylic Acid,7478,2.8598662125834626,4,4
2244,Aspirin,7544,2.857681586235588,2,8
5833,Spironolactone,7527,2.8492431126230597,2,2
53359,Tolrestat,7319,2.848658603343308,2,2
34521,Toloxatone,7478,2.847743211088975,2,2
4493,Nilutamide,7403,2.844637377040759,2,2
48040,Encainide Hydrochloride,7027,2.8438636285333705,0,0
3052775,Rasagiline Mesylate,7409,2.818396518402993,2,2
2170,Amoxapine,7326,2.8122976569715634,1,1
3759,Isocarboxazid,7410,2.7865189657181273,2,2
124886,Glutathione,7392,2.777656652043586,2,2
68546,Prazosin Hydrochloride,6845,2.7746047838456915,3,3
3038222,Dobutamine Lactobionate,7332,2.7663981317483453,2,2
4235,Moclobemide,7411,2.7623411536810383,2,2
4066,Mequitazine,7532,2.748203009687814,1,1
3476,"1H-Pyrrole-1-carboxamide, 3-ethyl-2,5-dihydro-4-methyl-N-2-4-(trans-4-methylcyclohexyl)aminocarbonylaminosulfonylphenylethyl-2-oxo-",7363,2.7440760645933646,1,1
65326,Ephedrine Hydrochloride,7257,2.7377807093677498,1,1
5282379,Isotretinoin,7532,2.7349853126352137,1,1
68304,Dyclonine Hydrochloride,7086,2.730924875357444,4,4
163727,Lazabemide Hydrochloride,7411,2.7294802675528302,2,2
3748,Iproniazid,7417,2.71671918154701,2,2
3339,Fenofibrate,7532,2.7110577274430883,1,1
441278,Pentazocine,7533,2.6748210247032174,1,1
189729,Ceronapril,7283,2.6718099593162203,2,2
33572,Ritodrine,7532,2.671006650963121,1,1
11224,Donormil,7384,2.6546133440268957,2,2
4158,Methylphenidate,7539,2.6363959477384022,0,0
27522,Distigmine Bromide,7525,2.632797103231687,1,1
1549008,Terbinafine,7581,2.63028578567862,1,1
3673,Ibuprofen Piconol,7532,2.6278579243643656,2,2
208910,Firocoxib,7532,2.6260059114430674,2,2
358641,Sulfamethoxazole-trimethoprim mixt.,7231,2.6256380323672888,1,1
5090,Rofecoxib,7534,2.6232096797261715,2,2
5497196,Rapamycin (TN),7242,2.618725766485792,0,0
27661,Isosorbide Mononitrate,7542,2.616757883962271,0,0
34632,Ethmozine,6938,2.6148371856934705,0,0
4201,Minoxidil,7336,2.61244943002783,1,1
4909,Primidone,7539,2.612394613519049,1,1
2479,Butabarbital,7541,2.611442116752671,1,1
441411,(-)-Epinephrine hydrochloride,7206,2.577689218174849,3,3
68617,Sertraline,7534,2.5732365645302275,1,1
77991,Rivastigmine,7540,2.5641971939414128,2,2
5362376,Tamsulosin Hydrochloride,7384,2.563202358359816,0,0
441401,Linezolid,7399,2.548007334643407,1,1
35329,Bitolterol Mesylate,7344,2.5439649894490137,1,1
3342,Fenoprofen,7534,2.5356531332826844,2,2
4409,Nabumetone,7582,2.5204080013310883,2,2
54676228,Piroxicam,7236,2.5195382357641383,2,2
6274,L-Histidine,7418,2.518646275522909,2,2
5362115,Delapril Hydrochloride,7372,2.516784677811713,2,2
2083,Salbutamol,7534,2.5055238111324916,1,1
36708,Propafenone Hydrochloride,7071,2.481216620091883,0,0
15130,Levomethadyl Acetate,7532,2.4809076002754327,1,1
667476,Dienestrol,7581,2.4795115602055695,1,1
4594,Prilosec,7398,2.475260950923817,0,0
5756,Estriol,7581,2.474536171522151,0,0
517321,Proparacaine Hydrochloride,7129,2.473179103178206,0,0
9878,Fluorometholone,7460,2.4587959186398076,2,2
6100,Bretylium Tosylate,7401,2.4541033137312036,2,2
8366,Etryptamine Acetate,7203,2.44694611357623,2,2
5281078,Mycophenolate Mofetil,7455,2.444936084076123,2,2
107952,Betaxolol Hydrochloride,7472,2.430345739982574,2,2
10649,Dequalinium Chloride,7514,2.4245445632220943,2,2
5997,Cholesterol,7577,2.4239066378835656,1,7
5282415,Dinoprost Tromethamine,7427,2.4210934551087817,3,3
54677470,Meloxicam,7236,2.412841565586073,2,2
208850,Dobutamine Tartrate,7427,2.4064640250974096,2,2
66383,Cetiedil Citrate,7348,2.4054165944164043,2,2
4091,Metformin,7479,2.380010441522097,0,2
65494,Sufentanil Citrate,7335,2.372933399635414,1,1
150311,Ezetimibe,7384,2.367271064207709,2,4
66068,Procainamide Hydrochloride,6774,2.3654348917895267,0,0
6436002,Dalvastatin,7460,2.3571144221273697,0,0
156422,Doramapimod,7348,2.3563238406234386,2,2
6081,"2-Amino-1-(2,5-dimethoxyphenyl)propan-1-ol hydrochloride",7475,2.3548673678160728,0,0
5281004,Budesonide,7521,2.3431002550941815,1,1
54677971,Tenoxicam,7237,2.327737091165619,2,2
60781,"L-Prolinamide, N-methyl-D-phenylalanyl-N-((1S)-4-((aminoiminomethyl)amino)-1-formylbutyl)-, sulfate (1:1)",7152,2.3201510080474956,2,2
91725,Vascor,7606,2.314603074114238,1,1
92727,Lopinavir,7286,2.3130166386641844,2,2
66070,Mepivacaine Hydrochloride,7085,2.308487987145666,0,0
50963,Cimetidine Hydrochloride,7409,2.3064539241808273,2,2
5282381,Misoprostol,7528,2.3018853418359817,2,2
54891,Quinapril Hydrochloride,7276,2.3010951431710276,1,1
8280,Paramethadione,7543,2.2853650700075017,1,1
36462,Etoposide,7494,2.276509661973718,2,2
107979,"Spiro(8-azoniabicyclo(3.2.1)octane-8,1'-pyrrolidinium), 3-hydroxy-, chloride, benzilate",7618,2.2706403095425682,1,1
6883,Isosorbide Dinitrate,7582,2.2690953922662414,0,0
54670067,L-Ascorbic Acid,7582,2.261325623284524,1,1
5754,Cortisol,7528,2.258741857885682,1,1
5526,4-(Aminomethyl)cyclohexanecarboxylic acid,7479,2.256682350545028,2,2
159324,Tipifarnib,7277,2.251217024028763,2,2
5665,Vigabatrin,7482,2.2492651768429774,0,0
5147,Salicylamide,7480,2.2474826190030304,2,2
2249,Atenolol,7470,2.2449513946376674,2,2
62956,Fosinoprilat,7384,2.235924004002618,1,1
2910,Cyclothiazide,7309,2.2349899702660645,1,1
5281077,Ethchlorvynol,7545,2.232201470478525,1,1
115366,Clopidogrel Bisulfate,7311,2.229186620922856,1,1
5910,Pilocarpine,7479,2.225926368389918,1,1
31640,Halazepam,7319,2.2188140251365636,1,1
159271,Tilmacoxib,7318,2.2085189021298195,2,2
54384,Levocabastine hydrochloride,7286,2.2073017580426884,1,1
5965,Demecarium Bromide,7512,2.204793522432605,2,2
439693,Pentostatin,7327,2.1975896981765097,1,1
3033702,Spiraprilat,7286,2.197280826810822,1,1
6256,Trifluridine,7329,2.194474006656628,1,1
5790,Floxuridine,7331,2.1863642206702547,1,1
135398741,Valacyclovir Hydrochloride,7302,2.1817038018672044,1,1
4616,Oxazepam,7329,2.178828486787178,1,1
5362129,Ramipril,7384,2.1782194221040014,1,1
216457,Solifenacin Succinate,7443,2.1768004833095325,2,2
5905,Idoxuridine,7331,2.1653931434192946,1,1
247839,Medrysone,7532,2.1610203629917497,1,1
135398748,Penciclovir,7327,2.160091323155184,1,1
23667301,Estrone Sodium Sulfate,7393,2.1588089896300198,1,1
8955,Pregnenolone,7532,2.156228991293825,1,1
5281037,Eprosartan,7271,2.153375360289698,1,1
2541,Candesartan,7281,2.148707359864567,1,1
158781,Olmesartan,7275,2.1451055067385596,1,1
5962,L-Lysine,7479,2.1430612824935746,1,1
2764,Ciprofloxacin,7318,2.1384353109452428,2,2
5311181,Iloprost,7527,2.138309002919315,0,0
5311068,Dexmedetomidine,7542,2.1364042979828883,1,1
151166,Lumiracoxib,7331,2.132400224094017,2,2
10547,Echothiophate Iodide,7336,2.1317065069188605,2,2
71992,Alacepril,7303,2.131155199699087,1,1
23675769,"sodium;1,3-dimethyl-7H-purine-2,6-dione;acetate",7622,2.1303542881120388,2,2
71793,Glyclopyramide,7331,2.129711399672916,1,1
66250,"L-Arginine, monohydrochloride",7330,2.1216646945408386,0,0
4510,Nitroglycerin,7567,2.119705187212841,0,0
135398658,Folic Acid,7355,2.1194894805507984,1,1
2375,Bicalutamide,7211,2.11326706753915,1,1
23663959,Sodium meclofenamate monohydrate,7622,2.1122184262228907,2,2
6279,Medroxyprogesterone Acetate,7578,2.1103914367395817,1,1
16760658,Sodium Salicylate,7622,2.108010983631582,2,2
23681059,Naproxen Sodium,7621,2.1003019228628337,2,2
3749,Irbesartan,7381,2.098455914104074,1,1
5281055,Rosiglitazone Maleate,7188,2.0964742949075164,2,2
61100,Phenelzine Sulfate,6638,2.0924520688852186,2,2
5741,Donepezil Hydrochloride,7455,2.087063942498704,2,2
444972,Fumaric Acid,7545,2.0852744991546794,1,1
2482,Butyl 4-aminobenzoate,7541,2.0790225698189833,1,1
54686350,Choline Salicylate,7475,2.078394249345488,2,2
5282408,Ketotifen Fumarate,7383,2.0782761311434665,2,2
38945,Tocainide,7541,2.074874602455779,1,1
443873,Temocapril Hydrochloride,7282,2.0684700629112043,1,1
4753,Phenacemide,7542,2.0625676488053575,0,0
43815,Paroxetine,7469,2.062177824863039,1,1
5852,Penicillamine,7420,2.0534295973837686,1,1
6726,Cyclizine,7581,2.0399112922921177,1,1
6850814,Spirapril Hydrochloride,7284,2.035665177139281,1,1
443872,Eplerenone,7576,2.034497977065185,1,1
5853,Trichlorfon,7478,2.0339358542469577,2,2
5576,Trimethadione,7505,2.0319628179174263,1,1
15895902,Parecoxib Sodium,7617,2.031785171448767,1,1
4614,Oxaprozin,7472,2.029340334317577,2,2
60846,Valsartan,7283,2.0266225830046296,1,1
936,Nicotinamide,7482,2.0182421493322327,1,1
5360515,Naltrexone,7461,2.0171469552203662,1,5
5280483,Vitamin K,7574,2.01694574044292,0,0
5463984,Benazeprilat,7383,2.014839566755085,1,1
2179,Amsacrine,7385,2.0117208004101257,2,2
16078,Tetrahydrocannabinol,7532,2.005738906563535,1,1
4595,Ondansetron,7472,2.0054058117343567,0,0
60953,Capecitabine,7226,2.003844439133253,1,1
1981,Acemetacin,7385,1.9984865016849402,2,2
30751,Fludarabine Phosphate,7212,1.99746782307614,1,1
5556,Triazolam,7472,1.995366670703697,1,1
4763,Phenobarbital,7538,1.9932303790676131,1,1
445639,Oleic Acid,7534,1.9912972809312157,1,1
5311035,Butaprost,7524,1.9885354756974225,1,1
10133,Chenodeoxycholic Acid,7523,1.9815591404481523,1,1
4044,Mefenamic Acid,7475,1.9802916721240282,2,2
3059,Diflunisal,7475,1.978425941261116,2,2
3033637,Nizax,7306,1.975180995871869,1,1
5311309,Nateglinide,7468,1.9744268931631201,0,0
65981,Repaglinide,7375,1.9702582186848463,0,0
5452,Thioridazine,7532,1.9683410582001393,0,0
5583,Trimetrexate,7455,1.9677862483084616,1,1
3295,Ethoxzolamide,7412,1.9650824103931264,1,1
119607,Valdecoxib,7403,1.9621748100078782,2,2
11954363,Napsagatran,7621,1.957401997490805,1,1
84003,Ketorolac Tromethamine,7380,1.9554320126660558,2,2
41693,Sufentanil,7461,1.9534753216098801,1,1
107994,Quinaprilat,7380,1.9525413771269802,1,1
129791,Itopride Hydrochloride,7460,1.9519477271785546,2,2
4659569,Tolcapone,7473,1.9484826845977288,1,1
2097,Alminoprofen,7478,1.9480116177646116,2,2
132228,Quilostigmine,7531,1.947162754133843,1,1
34312,Oxcarbazepine,7474,1.9426597321307213,1,1
2157,Amiodarone,7455,1.942342356683401,1,1
4237,Mofezolac,7466,1.9422613184797344,2,2
23706210,Tranxilium,7406,1.9406532244563912,1,1
667467,Chlorprothixene,7475,1.939717540319401,2,2
6047,Levodopa,7475,1.936757713697413,2,2
135398513,Acyclovir,7409,1.9365133236637195,1,1
3033332,Ranitidine Hydrochloride,7237,1.930185113442673,1,1
5983,Physostigmine,7475,1.9286999047121618,2,2
7550,Pyridostigmine Bromide,7620,1.9279543113931816,1,1
3308,Etodolac,7472,1.9272825244645493,2,2
14677,Methdilazine,7534,1.9269483468351605,1,1
4421,Nalidixic Acid,7412,1.9261835339046722,2,2
5362123,Benazepril Hydrochloride,7382,1.9260596563608703,1,1
4906,Prilocaine,7540,1.9245448050986504,1,1
5284566,Granisetron (JAN/USAN/INN),7403,1.9230978628268176,0,0
610479,Tolfenamic Acid,7410,1.922506094873872,2,2
135409453,Tegaserod,7464,1.9215325372386196,1,1
443958,Amcinonide,7445,1.9178228285563237,1,1
3394,Flurbiprofen,7476,1.9158014270087256,2,2
26757,Selegiline,7582,1.9137299466574522,1,1
1967,Docebenone,7531,1.9134186129523802,1,1
4020,Mazindol,7409,1.912102870271548,0,0
4037,Meclofenamic Acid,7409,1.9104578640177297,2,2
3475,Gliclazide,7402,1.9098002085034185,2,2
54892,Quinapril,7380,1.908220122770494,1,1
5359,Suprofen,7475,1.908197393860177,2,2
5311225,Syngard,7523,1.9072298846337072,1,1
6917815,Pentopril,7471,1.9058023332754563,1,1
3365,Fluconazole,7403,1.90531417752294,2,2
5312153,Sulprostone,7372,1.904560813474965,1,1
31703,Doxorubicin,7418,1.90451817444062,2,2
5280954,Rescinnamine,7412,1.9042674760138516,1,1
23683779,Alrestatin Sodium,7623,1.9026486924224306,1,1
107807,Perindopril,7388,1.90252956513789,1,1
441350,Metyrosine,7478,1.8983912645191874,1,1
10660,Dimenhydrinate,7281,1.8977421364734945,1,1
44093,Captopril,7417,1.8965686884999782,1,1
9869929,Avanafil,7183,1.896378383208958,1,1
119828,Parecoxib,7393,1.8953563200877317,2,2
135400182,Raltitrexed,7189,1.8952537821969702,1,1
5663,Vesnarinone,7459,1.8932722199433951,1,1
4993,Pyrimethamine,7475,1.8927258302094603,1,1
5484727,Trandolapril,7382,1.892196884826879,1,1
5720,Zaltoprofen,7474,1.892141874309749,2,2
5509,Tolmetin,7475,1.8872366868063897,2,2
5724,Zenarestat,7229,1.8869262816552888,1,1
3395,Flurbiprofen Axetil,7530,1.8845787637117344,1,1
135398740,Ganciclovir,7406,1.882935355006895,1,1
3397,Flutamide,7410,1.8827359495916085,1,1
123619,Etoricoxib,7400,1.8822429093627986,2,2
2284,Baclofen,7416,1.878935609981177,1,1
5746,Mitomycin C,7460,1.8755164588303326,2,2
8307,Edrophonium Chloride,7380,1.8740900089260033,1,1
71320,Libenzapril,7381,1.8735171933418193,1,1
5282183,Indomethacin farnesil,7428,1.866524120433234,1,1
6917956,Pivopril,7406,1.8638092463247709,1,1
1549120,Epalrestat,7407,1.8622472343997203,1,1
3373,Flumazenil,7407,1.8605219190258568,1,1
864,alpha Lipoic acid,7480,1.8596775018898741,0,0
5807,(+-)-Isoproterenol hydrochloride,7473,1.858161806445046,1,1
9034,Methohexital,7475,1.8578686928907395,1,1
4911,Probenecid,7410,1.8558794376060264,1,1
166558,Avasimibe,7448,1.8532466891192019,2,2
135398641,Inosine,7403,1.8476580008075452,1,1
3324,Famciclovir,7397,1.8471668240664452,1,1
4189,Miconazole,7399,1.843750006490891,2,2
5281081,Entacapone,7403,1.84059639238058,1,1
60875,Naratriptan Hydrochloride,7230,1.8287717779022956,1,1
3032285,Thiamylal,7475,1.8180641834439564,1,1
71355,Lecimibide,7145,1.8063510278891164,2,2
5578,Trimethoprim,7470,1.8053249132272333,1,1
135401907,Allopurinol,7482,1.7997477000969702,1,1
3762,Isoetharine,7534,1.7874399720765977,1,1
467825,Ravuconazole,7292,1.786215511837253,1,1
69568,L-Lysine monohydrochloride,7477,1.7847610104549796,0,0
204101,Razaxaban Hydrochloride,7153,1.7826044006263877,1,1
6230,Norethindrone,7340,1.779979627365733,1,1
5278,Ponalrestat,7236,1.7764385603920891,1,1
5281068,Chlorpheniramine Maleate,7304,1.7762154627447153,1,1
216322,Conivaptan Hydrochloride,7257,1.7710955231356798,1,1
5311221,Latanoprost,7516,1.7708478010098376,0,0
190816,Minalrestat,7303,1.7568227005533332,1,1
460612,Melphalan,7331,1.756755417332775,1,1
6253,Cytarabine,7331,1.7487943333937979,1,1
2973,Deferoxamine,7319,1.7392095809132664,1,1
20279,Cladribine,7246,1.7356729704493317,1,1
31101,Bromocriptine,7226,1.7278539884698971,1,1
3151,Domperidone,7384,1.7180581822749112,1,1
23724780,Clemastinefumarate,7381,1.7177526580144837,1,1
967,Orotic Acid,7479,1.7156756410460263,1,1
53232,Lovastatin,7527,1.7121510069287629,1,1
92163,Prilocaine Hydrochloride,6978,1.707612031451727,0,0
5280360,Prostaglandin E2,7529,1.7075154942655348,0,0
1613,Zopolrestat,7217,1.6997720999699413,1,1
157838,Lidorestat monohydrate,7211,1.6812587393729153,1,1
68553,Miconazole Nitrate,6971,1.67942801597466,2,2
443939,Doxorubicin Hydrochloride,6513,1.6643538133919187,1,1
6420009,Enclomiphene Citrate,6817,1.6614538897732996,1,1
636362,Idarubicin Hydrochloride,6520,1.6608638856825084,2,2
5493444,Aliskiren,7331,1.6586980840383034,1,1
23679527,Fluvastatin Sodium,7343,1.65618171578878,1,1
60490,Zileuton,7336,1.6547678863850879,1,1
5702160,Famotidine,7029,1.6499320218986158,2,2
23678981,Methotrexate monosodium,6562,1.6459973675649509,1,1
23663992,Cerivastatin Sodium,7277,1.6458286618405356,1,1
5485193,Imidapril Hydrochloride,6578,1.6424366476091423,2,2
6917793,Montirelin,7285,1.6417962951526939,1,1
65348,Epirubicin Hydrochloride,6951,1.6358121084736854,2,2
444031,Darifenacin,7452,1.6339250251427282,1,1
54690031,Lornoxicam,7155,1.628864967996687,2,2
9574101,Ximelagatran,7266,1.623117019037191,1,1
160024,Fidarestat,7471,1.5903442486638775,1,1
9681,Methysergide,7388,1.5889819741032485,1,1
2724385,Digoxin,7424,1.5866673743826198,1,1
65329,Mefloquine Hydrochloride,6697,1.5838551504032872,0,0
34633,Moricizine,7385,1.5752356924059665,0,0
5282474,Eprosartan Mesylate,6765,1.5684285971707628,1,1
10457278,Indolapril Hydrochloride,6769,1.5682820931267372,1,1
3001055,Ranitidine,7407,1.566438739976045,1,1
23667962,Dynacil,6696,1.5644040104081778,0,0
444020,Voglibose,7529,1.5535831507513445,0,0
9570076,Proguanil Hydrochloride,6811,1.5485948588479754,1,1
5284472,Triprolidine hydrochloride monohydrate,7471,1.5473313199370307,1,1
65327,Desipramine Hydrochloride,7472,1.537993103413686,0,0
441325,Amiodarone Hydrochloride,7382,1.5363715560735125,0,0
66062,Thioridazine Hydrochloride,7463,1.5358641740564958,0,0
5311064,Denopamine,7467,1.534594779059492,1,1
11954368,Nepicastat Hydrochloride,6528,1.534165934223454,1,1
4888,Pranoprofen,7475,1.5306691436915558,0,0
5342,Sulfinpyrazone,7460,1.5305150090714197,1,1
441336,Mometasone Furoate,7448,1.5234836492321306,1,1
444030,Darifenacin Hydrobromide,7449,1.514420570879183,0,0
119442,Gallopamil Hydrochloride,6847,1.5116241727609772,1,1
3899,Leflunomide,7409,1.5107902675768743,1,1
133264,Risarestat,7472,1.5073923989436415,1,1
157920,Lubiprostone,7459,1.5028266290368297,0,0
107706,Sivelestat,7381,1.500448721657331,1,1
6914273,Dantrolene,7402,1.493182478684613,1,1
656583,Trilostane,7467,1.4906342860027577,0,0
8288,Ambenonium Chloride,7361,1.4863053152437398,1,1
151170,Cilomilast,7467,1.4838993705666916,1,1
54746,Cabergoline,7449,1.4830931981362272,1,1
60961,Adenosine,7400,1.4813275309112268,0,0
6215,Fluocinolone Acetonide,7450,1.478212135007106,1,1
6014,Promethazine Hydrochloride,6857,1.4766115956124561,1,1
121586,Zoledronic acid monohydrate,7402,1.474758123337966,1,1
5282469,Protirelin tartrate monohydrate,7202,1.4721459522953353,1,1
9651,(-)-Galantamine,7473,1.4708896582279305,1,1
1676,Enprofylline,7415,1.4689337194502974,0,0
9642,Fluocinonide,7446,1.465790152746663,1,1
5282226,Travoprost,7441,1.4649610678483367,0,0
15209,Flurandrenolide,7454,1.4614208708847696,1,1
5702063,Guanabenz,7475,1.4559678822393203,1,1
444025,Loteprednol Etabonate,7453,1.4522634420489962,1,1
3292,Ethotoin,7478,1.4466331948707944,0,0
16759173,Pravastatin Sodium,6867,1.4425787935508665,1,1
23724775,Atropine sulfate and diphenoxylate hydrochloride,7066,1.4418886735018088,1,1
5468,Tiaprofenic Acid,7475,1.4409236138406714,1,1
5281074,Carboprost Tromethamine,7426,1.4385930206477724,0,0
6420040,Oxybuprocaine Hydrochloride,7471,1.4373512785192333,0,0
3105,Dipivefrin,7464,1.4313233884223964,1,1
4171,Metoprolol,7475,1.4137130729568088,1,1
6918078,Rivastigmine Tartrate,7454,1.404440927282,1,1
2756,Cimetidine,7475,1.391580499423807,1,1
104152,"L-Lysine, acetate (1:1)",7474,1.3822818272122497,0,0
64922,Terlakiren,7207,1.380766973828663,1,1
135462830,Icopezil Maleate,6652,1.3789249512185322,1,1
63030,Promethazine Teoclate,6714,1.3693172566060572,0,0
31100,Bromocriptine Mesylate,7090,1.3414797200491966,1,1
3086651,Zankiren Hydrochloride,6975,1.3316765610472139,1,1
135413520,Pemetrexed Disodium,5690,1.325532626202462,1,1
441313,Perindopril Erbumine,5827,1.3163923643377062,1,1
657348,(-)-Physostigmine salicylate,7049,1.3148791196447411,1,1
135398735,Rifampicin,7040,1.2869907519007333,1,1
441358,Nortriptyline Hydrochloride,6439,1.2784778605781524,0,0
5464201,Ditekiren,6873,1.2552024344251385,1,1
24244,Metocurine Iodide,7054,1.2521466967578652,1,1
135403648,Leucovorin,7257,1.2072455310112347,0,0
9556529,Oxiconazole Nitrate,7211,1.170358621388279,0,0
72734318,Natacyn (TN),7344,1.116715905452268,0,0
9574343,Ancriviroc,7368,1.0931729204195235,0,0
5280965,Amphotericin B,7053,0.7928936864226845,0,0
