category,status,positive_pairs,category_total_positive_pairs,fraction
enzyme,joined,2896,2926,0.9897470950102529
enzyme,missing_kegg_drug_to_pubchem_cid,13,2926,0.004442925495557075
enzyme,missing_kegg_target_to_uniprot,17,2926,0.00580997949419002
gpcr,joined,618,635,0.9732283464566929
gpcr,missing_kegg_drug_to_pubchem_cid,8,635,0.012598425196850394
gpcr,missing_pubchem_descriptor_row,9,635,0.014173228346456693
ion_channel,joined,1461,1476,0.9898373983739838
ion_channel,missing_pubchem_descriptor_row,15,1476,0.01016260162601626
nuclear_receptor,joined,90,90,1.0
