kegg_drug,pubchem_cid,ligand_title,missing_positive_pairs
D00005,643975,Flavin Adenine Dinucleotide,14
D00106,5280427,"5-[(3aR,4R,5R,6aS)-5-hydroxy-4-[(E,3S)-3-hydroxyoct-1-enyl]-3,3a,4,5,6,6a-hexahydrocyclopenta[b]furan-2-ylidene]pentanoic acid",1
D00107,5282315,Tacrolimus Hydrate,56
D00158,23677829,Tolmetin sodium dihydrate,2
D00184,5280754,Cyclosporine (USP),49
D00227,9433,Aminophylline,27
D00324,11954221,"6alpha-Fluoro-11beta,16alpha,17,21-tetrahydroxypregna-1,4-diene-3,20-dione cyclic 16,17-acetal with acetone, hemihydrate",1
D00362,5362118,Lisinopril dihydrate,1
D00442,383414,Octreotide (USAN/INN),2
D00559,166589,Pramipexole dihydrochloride monohydrate,1
D00579,44561,Foscarnet Sodium,1
D00601,441308,Metoprolol Tartrate,2
D00607,68552,Guanadrel Sulfate,7
D00615,60496,Amlodipine Besylate,5
D00616,62920,Diltiazem Hydrochloride,8
D00617,41114,Nicardipine Hydrochloride,6
D00621,5388961,Enalapril Maleate,1
D00623,54889,Moexipril Hydrochloride,1
D00635,62937,Metoprolol Succinate,2
D00648,5281065,Ibutilide Fumarate,10
D00649,68540,Amiloride Hydrochloride,14
D00675,77997,Rizatriptan Benzoate,2
D00683,39859,Albuterol Sulfate,1
D00687,56801,Salmeterol Xinafoate,1
D00688,441334,Terbutaline Sulfate,1
D00739,73957,Pramoxine Hydrochloride,9
D00759,62886,Cisatracurium Besylate,1
D00760,60168,Doxacurium chloride [VANDF],2
D00791,67356,Fluphenazine Hydrochloride,1
D00799,66064,Trifluoperazine Hydrochloride,1
D00826,23724784,bis((1R)-2-phenylcyclopropan-1-amine);sulfuric acid,2
D00827,5282387,Magnesium salicylate hydrate,2
D00829,441361,"Ornithine, 2-(difluoromethyl)-, hydrochloride, hydrate (1:1:1)",1
D00837,5462346,"(1S,9R,10S)-17-(Cyclobutylmethyl)-17-azatetracyclo[7.5.3.01,10.02,7]heptadeca-2(7),3,5-triene-4,10-diol;(2R,3R)-2,3-dihydroxybutanedioic acid",2
D00887,60822,Atorvastatin Calcium,1
D00903,23667642,Diclofenac Potassium,2
D00904,5018304,Diclofenac sodium,2
D00968,64747,Fenoprofen Calcium,2
D00995,8246,Neostigmine Bromide,1
D00998,5824,Neostigmine Methylsulfate,1
D01027,11953898,"Cobalt;[(2R,3S,4R,5S)-5-(5,6-dimethylbenzimidazol-1-yl)-4-hydroxy-2-(hydroxymethyl)oxolan-3-yl] [(2S)-1-[3-[(2R,3R,4Z,7S,9Z,12S,13S,14Z,17S,18S,19R)-2,13,18-tris(2-amino-2-oxoethyl)-7,12,17-tris(3-amino-3-oxopropyl)-3,5,8,8,13,15,18,19-octamethyl-2,7,12,17-tetrahydro-1H-corrin-21-id-3-yl]propanoylamino]propan-2-yl] phosphate;hydrate",4
D01061,60837,Camptosar,4
D01069,56329,Cilazapril Monohydrate,1
D01108,24843,Magnesium Sulfate Heptahydrate,3
D01276,117965,"2-Piperidinecarboxamide, 1-butyl-N-(2,6-dimethylphenyl)-, hydrochloride (1:1), (2S)-",18
D01295,71405,Pirenzepine Hydrochloride,35
D01346,19648,Streptomycin Sulfate,5
D01358,38911,Ciclopirox Olamine,4
D01441,5282418,Trifluoperazine dimaleate,98
D01448,5282419,"2-Piperidinecarboxamide, 1-butyl-N-(2,6-dimethylphenyl)-, hydrochloride, hydrate (1:1:1)",1
D01599,8248,Batel,1
D01704,23674745,Sodium 2-(4-(2-oxocyclopentylmethyl)phenyl)propionate dihydrate,19
D01765,5282193,Proglumetacin Maleate,2
D01840,163751,Fasudil Hydrochloride,13
D01844,636380,Fondaparinux Sodium,1
D01854,6918235,Mitiglinide Calcium Hydrate,1
D01862,5282451,Pitavastatin Calcium,1
D01885,636397,"(8S,10S)-10-(((2R,4S,5S,6S)-4-amino-6-methyl-5-(((S)-tetrahydro-2H-pyran-2-yl)oxy)tetrahydro-2H-pyran-2-yl)oxy)-6,8,11-trihydroxy-8-(2-hydroxyacetyl)-1-methoxy-7,8,9,10-tetrahydrotetracene-5,12-dione",2
D01911,153751,Aclarubicin Hydrochloride,6
D01915,5282455,Rosuvastatin Calcium,1
D01918,23663985,Sivelestat Sodium,1
D01925,656609,Taltirelin tetrahydrate,1
D01984,21121303,Esomeprazole magnesium trihydrate,1
D01994,6918047,Mosapride citrate dihydrate,1
D02066,656677,Isoproterenol Sulfate,3
D02068,2723754,Tacrine Hydrochloride,1
D02092,656684,"Benzamide, 4-amino-5-chloro-N-[(3R,4S)-1-[3-(4-fluorophenoxy)propyl]-3-methoxy-4-piperidinyl]-2-methoxy-, hydrate (1:1), rel-",1
D02101,6321303,Codeine phosphate hemihydrate,9
D02110,23674731,Indometacin (sodium hydrate),2
D02163,5282479,Fluphenazine Maleate,1
D02166,51082,Mitoxantrone Hydrochloride,2
D02194,23663403,Cilastatin Sodium,1
D02207,23422,(+)-Tubocurarine chloride pentahydrate,17
D02234,11954233,Cyproheptadine hydrochloride sesquihydrate,4
D02237,65328,Guanethidine Sulfate,7
D02250,441258,Sandostatin (TN),3
D02253,656845,Pentobarbital Calcium,6
D02258,656846,Atorvastatin hemicalcium trihydrate,1
D02261,2723885,Quinine hydrochloride hydrate,2
D02262,61367,Quinine sulfate (USP),2
D02267,169569,Sodium phosphonatoformate hexahydrate,1
D02272,64640,Quinidine sulfate hydrate,17
D02290,23706216,Ocufen,2
D02333,54675768,Coumermycin A1,2
D02698,23724511,"(8aR,9R)-5-[[(4aR,6R,7R,8R,8aS)-7,8-dihydroxy-2-thiophen-2-yl-4,4a,6,7,8,8a-hexahydropyrano[3,2-d][1,3]dioxin-6-yl]oxy]-9-(4-hydroxy-3,5-dimethoxyphenyl)-5a,6,8a,9-tetrahydro-5H-[2]benzofuro[6,5-f][1,3]benzodioxol-8-one",2
D02731,135414253,Vardenafil Dihydrochloride,19
D02756,451415,Aclarubicin,6
D02826,9907628,Alniditan Dihydrochloride,2
D02880,9910986,Flavopiridol hydrochloride,12
D02914,6435922,Amlodipine Maleate,5
D03037,9571003,Azimilide Dihydrochloride,1
D03115,23724856,Fasudil Hydrochloride Hydrate,13
D03252,135413545,Vardenafil Hydrochloride Trihydrate,53
D03274,156413,Canertinib Dihydrochloride,5
D03365,11954344,Carvedilol Phosphate,12
D03440,16129675,Ceruletide,1
D03450,167446,Cicloprolol Hydrochloride,1
D03503,21155870,Codeine Sulfate,1
D03731,6446650,Mofegiline Hydrochloride,2
D03738,60594,Enalkiren,1
D03767,3033690,Zofenopril Calcium,1
D03769,6917719,(2S)-1-((2S)-2-(((1S)-1-carboxy-3-phenylpropyl)amino)propanoyl)pyrrolidine-2-carboxylic acid;dihydrate,1
D03776,11954366,Zofenoprilat arginine,1
D03778,11954367,Fadrozole Hydrochloride Hemihydrate,24
D03781,11983193,Liarozole Fumarate,25
D03784,71454,Liarozole hydrochloride,25
D03816,11954370,Tenivastatin Calcium,1
D03826,6419928,Physostigmine Sulfate,10
D03829,11954371,Peramivir trihydrate,4
D03830,3037122,Diltiazem Malate,8
D04024,11557040,Lapatinib Ditosylate,53
D04028,3034010,Orlistat,9
D04048,6918111,"(2S)-N-(2,6-dimethylphenyl)-1-propyl-2-piperidinecarboxamide hydrochloride monohydrate",9
D05024,60662,Mibefradil Dihydrochloride,5
D05156,2735102,Nicotine Bitartrate,10
D05461,23724987,"1-Ethyl-6-fluoro-4-oxo-7-piperazin-1-yl-1,8-naphthyridine-3-carboxylic acid;dihydrate",6
D05740,19610426,Rizatriptan Sulfate,2
D05792,5152,Salmeterol,1
D06396,3035241,4-amino-N-(1-azabicyclo[3.3.1]nonan-4-yl)-5-chloro-2-methoxybenzamide,1
