Feature Set,Classifier,Split,Rows,Positives,Negatives,Features,Accuracy,Balanced Accuracy,Precision,Recall,F1 Score,ROC AUC,PR AUC,False Positive Rate,False Negative Rate,False Positives,False Negatives,True Positives,True Negatives
affinity_group_only,Logistic Regression,train,3262,1631,1631,9,0.6934396076026977,0.6934396076026977,0.6749861342207432,0.7461679950950337,0.70879440885265,0.7487621989796858,0.7137384574799625,0.35928877988963825,0.25383200490496627,586,414,1217,1045
affinity_group_only,Logistic Regression,validation,1088,544,544,9,0.7012867647058824,0.7012867647058824,0.6757624398073836,0.7738970588235294,0.7215081405312768,0.7564135488754326,0.7075038063429206,0.3713235294117647,0.2261029411764706,202,123,421,342
affinity_group_only,Logistic Regression,test,1088,544,544,9,0.6911764705882353,0.6911764705882353,0.676271186440678,0.7334558823529411,0.7037037037037037,0.7454348237456747,0.7249016423089969,0.35110294117647056,0.2665441176470588,191,145,399,353
affinity_group_only,Random Forest,train,3262,1631,1631,9,1.0,1.0,1.0,1.0,1.0,1.0,1.0,0.0,0.0,0,0,1631,1631
affinity_group_only,Random Forest,validation,1088,544,544,9,0.6902573529411765,0.6902573529411764,0.6705107084019769,0.7481617647058824,0.7072111207645526,0.7420776789576125,0.715388861877707,0.36764705882352944,0.25183823529411764,200,137,407,344
affinity_group_only,Random Forest,test,1088,544,544,9,0.7159926470588235,0.7159926470588235,0.6981450252951096,0.7610294117647058,0.7282321899736148,0.7765091100778547,0.7650611634020141,0.3290441176470588,0.23897058823529413,179,130,414,365
affinity_group_only,Extra Trees,train,3262,1631,1631,9,0.9834457388105456,0.9834457388105456,0.9943573667711598,0.9724095646842428,0.9832610043397396,0.9992023039207025,0.9992243350935834,0.005518087063151441,0.027590435315757205,9,45,1586,1622
affinity_group_only,Extra Trees,validation,1088,544,544,9,0.6939338235294118,0.6939338235294117,0.6721044045676998,0.7573529411764706,0.7121866897147796,0.7472899545847751,0.7119323193948777,0.3694852941176471,0.2426470588235294,201,132,412,343
affinity_group_only,Extra Trees,test,1088,544,544,9,0.6939338235294118,0.6939338235294117,0.6797274275979557,0.7334558823529411,0.7055702917771883,0.7596879054930796,0.7497907931134292,0.34558823529411764,0.2665441176470588,188,145,399,356
affinity_group_only,Hist Gradient Boosting,train,3262,1631,1631,9,0.9892703862660944,0.9892703862660944,0.9865853658536585,0.9920294297976702,0.9892999082849282,0.999371090697142,0.9993775600036587,0.0134886572654813,0.00797057020232986,22,13,1618,1609
affinity_group_only,Hist Gradient Boosting,validation,1088,544,544,9,0.6838235294117647,0.6838235294117647,0.6718213058419243,0.71875,0.69449378330373,0.7529060337370242,0.7338822606132165,0.35110294117647056,0.28125,191,153,391,353
affinity_group_only,Hist Gradient Boosting,test,1088,544,544,9,0.7077205882352942,0.7077205882352942,0.6934931506849316,0.7444852941176471,0.7180851063829787,0.7779181985294118,0.7649709825308911,0.3290441176470588,0.2555147058823529,179,139,405,365
affinity_group_only,SVM,train,3262,1631,1631,9,0.6995708154506438,0.6995708154506438,0.6805324459234608,0.7522992029429798,0.714618520675597,0.7570470358748963,0.7107213279969025,0.35315757204169224,0.24770079705702022,576,404,1227,1055
affinity_group_only,SVM,validation,1088,544,544,9,0.7077205882352942,0.7077205882352942,0.6834415584415584,0.7738970588235294,0.7258620689655172,0.741768490484429,0.6882232476195532,0.3584558823529412,0.2261029411764706,195,123,421,349
affinity_group_only,SVM,test,1088,544,544,9,0.7012867647058824,0.7012867647058822,0.689119170984456,0.7334558823529411,0.7105966162065895,0.7518923010380624,0.7228241011488465,0.33088235294117646,0.2665441176470588,180,145,399,364
affinity_group_only,KNN,train,3262,1631,1631,9,0.7731453096259964,0.7731453096259964,0.7529812606473595,0.8129981606376456,0.7818396226415094,0.8579025855953831,0.8259315956365274,0.26670754138565295,0.18700183936235437,435,305,1326,1196
affinity_group_only,KNN,validation,1088,544,544,9,0.6746323529411765,0.6746323529411764,0.6615646258503401,0.7150735294117647,0.6872791519434629,0.7280188959775087,0.6683113297735915,0.36580882352941174,0.2849264705882353,199,155,389,345
affinity_group_only,KNN,test,1088,544,544,9,0.6875,0.6875,0.6717171717171717,0.7334558823529411,0.7012302284710018,0.7438787440527681,0.6997135788596092,0.3584558823529412,0.2665441176470588,195,145,399,349
all_features_minus_affinity_group,Logistic Regression,train,3262,1631,1631,1654,0.977621091354997,0.977621091354997,0.975,0.9803801348865726,0.9776826658514216,0.9960276840386728,0.9959012886025853,0.025137952176578784,0.019619865113427344,41,32,1599,1590
all_features_minus_affinity_group,Logistic Regression,validation,1088,544,544,1654,0.8060661764705882,0.8060661764705883,0.7855917667238422,0.8419117647058824,0.8127772848269743,0.8638117701124567,0.812166929452652,0.22977941176470587,0.15808823529411764,125,86,458,419
all_features_minus_affinity_group,Logistic Regression,test,1088,544,544,1654,0.8143382352941176,0.8143382352941176,0.7948275862068965,0.8474264705882353,0.8202846975088968,0.8597399437716263,0.7940462922526637,0.21875,0.15257352941176472,119,83,461,425
all_features_minus_affinity_group,Random Forest,train,3262,1631,1631,1654,1.0,1.0,1.0,1.0,1.0,1.0,1.0,0.0,0.0,0,0,1631,1631
all_features_minus_affinity_group,Random Forest,validation,1088,544,544,1654,0.9108455882352942,0.9108455882352942,0.9425742574257425,0.875,0.9075309818875119,0.9601670631487889,0.966639285196294,0.05330882352941176,0.125,29,68,476,515
all_features_minus_affinity_group,Random Forest,test,1088,544,544,1654,0.9108455882352942,0.9108455882352942,0.9425742574257425,0.875,0.9075309818875119,0.9618143787846021,0.9657664195075137,0.05330882352941176,0.125,29,68,476,515
all_features_minus_affinity_group,Extra Trees,train,3262,1631,1631,1654,1.0,1.0,1.0,1.0,1.0,1.0,1.0,0.0,0.0,0,0,1631,1631
all_features_minus_affinity_group,Extra Trees,validation,1088,544,544,1654,0.9200367647058824,0.9200367647058822,0.9489194499017681,0.8878676470588235,0.9173789173789174,0.9683782980103806,0.972840947714259,0.04779411764705882,0.11213235294117647,26,61,483,518
all_features_minus_affinity_group,Extra Trees,test,1088,544,544,1654,0.9172794117647058,0.9172794117647058,0.943359375,0.8878676470588235,0.9147727272727273,0.9717472696799307,0.9745618191877427,0.05330882352941176,0.11213235294117647,29,61,483,515
all_features_minus_affinity_group,Hist Gradient Boosting,train,3262,1631,1631,1654,1.0,1.0,1.0,1.0,1.0,1.0,1.0,0.0,0.0,0,0,1631,1631
all_features_minus_affinity_group,Hist Gradient Boosting,validation,1088,544,544,1654,0.9172794117647058,0.9172794117647058,0.9203703703703704,0.9136029411764706,0.9169741697416974,0.9710883434256056,0.9723101140130911,0.07904411764705882,0.08639705882352941,43,47,497,501
all_features_minus_affinity_group,Hist Gradient Boosting,test,1088,544,544,1654,0.9117647058823529,0.9117647058823529,0.9194756554307116,0.9025735294117647,0.9109461966604824,0.9711593047145328,0.9730099976973645,0.07904411764705882,0.0974264705882353,43,53,491,501
all_features_minus_affinity_group,SVM,train,3262,1631,1631,1654,0.9438994481912937,0.9438994481912937,0.9458128078817734,0.9417535254445125,0.943778801843318,0.9842849737290336,0.9757234492346106,0.0539546290619252,0.05824647455548743,88,95,1536,1543
all_features_minus_affinity_group,SVM,validation,1088,544,544,1654,0.8520220588235294,0.8520220588235294,0.8718446601941747,0.8253676470588235,0.8479697828139755,0.9136907980103806,0.9068282248454729,0.1213235294117647,0.17463235294117646,66,95,449,478
all_features_minus_affinity_group,SVM,test,1088,544,544,1654,0.8575367647058824,0.8575367647058824,0.8649155722326454,0.8474264705882353,0.8560817084493965,0.9238027816825259,0.9162154344042093,0.1323529411764706,0.15257352941176472,72,83,461,472
all_features_minus_affinity_group,KNN,train,3262,1631,1631,1654,0.8038013488657265,0.8038013488657265,0.7703218767048554,0.8657265481299816,0.815242494226328,0.8901643547138688,0.874601052220041,0.25812385039852853,0.1342734518700184,421,219,1412,1210
all_features_minus_affinity_group,KNN,validation,1088,544,544,1654,0.6939338235294118,0.6939338235294117,0.6640746500777605,0.7849264705882353,0.7194608256107835,0.7625973183391004,0.7191230192394619,0.39705882352941174,0.21507352941176472,216,117,427,328
all_features_minus_affinity_group,KNN,test,1088,544,544,1654,0.7224264705882353,0.7224264705882353,0.6867283950617284,0.8180147058823529,0.7466442953020134,0.7864605860726643,0.7465404345996618,0.37316176470588236,0.18198529411764705,203,99,445,341
all_features,Logistic Regression,train,3262,1631,1631,1663,0.9822194972409565,0.9822194972409565,0.9786975045648204,0.9858982219497241,0.9822846670739157,0.9978459950356389,0.9977952320353737,0.02145922746781116,0.014101778050275904,35,23,1608,1596
all_features,Logistic Regression,validation,1088,544,544,1663,0.8226102941176471,0.822610294117647,0.8052173913043478,0.8511029411764706,0.8275245755138516,0.8779702368079586,0.8280218824789094,0.20588235294117646,0.1488970588235294,112,81,463,432
all_features,Logistic Regression,test,1088,544,544,1663,0.8125,0.8125,0.7961672473867596,0.8400735294117647,0.817531305903399,0.8596706720371972,0.791931991353292,0.21507352941176472,0.15992647058823528,117,87,457,427
all_features,Random Forest,train,3262,1631,1631,1663,1.0,1.0,1.0,1.0,1.0,0.9999999999999999,1.0,0.0,0.0,0,0,1631,1631
all_features,Random Forest,validation,1088,544,544,1663,0.9145220588235294,0.9145220588235294,0.9395711500974658,0.8860294117647058,0.9120151371807,0.9630578908953287,0.9677801152991516,0.05698529411764706,0.11397058823529412,31,62,482,513
all_features,Random Forest,test,1088,544,544,1663,0.9108455882352942,0.9108455882352942,0.935672514619883,0.8823529411764706,0.9082308420056765,0.9646224183607267,0.9665511677355864,0.06066176470588235,0.11764705882352941,33,64,480,511
all_features,Extra Trees,train,3262,1631,1631,1663,1.0,1.0,1.0,1.0,1.0,1.0,1.0,0.0,0.0,0,0,1631,1631
all_features,Extra Trees,validation,1088,544,544,1663,0.9163602941176471,0.916360294117647,0.9398058252427185,0.8897058823529411,0.9140698772426817,0.9695153681877162,0.9739441180594769,0.05698529411764706,0.11029411764705882,31,60,484,513
all_features,Extra Trees,test,1088,544,544,1663,0.9145220588235294,0.9145220588235294,0.9278937381404174,0.8988970588235294,0.9131652661064426,0.9734858212586505,0.9756501940433462,0.06985294117647059,0.10110294117647059,38,55,489,506
all_features,Hist Gradient Boosting,train,3262,1631,1631,1663,1.0,1.0,1.0,1.0,1.0,1.0,1.0,0.0,0.0,0,0,1631,1631
all_features,Hist Gradient Boosting,validation,1088,544,544,1663,0.9136029411764706,0.9136029411764706,0.915129151291513,0.9117647058823529,0.9134438305709024,0.9694663711072664,0.9704893400495511,0.08455882352941177,0.08823529411764706,46,48,496,498
all_features,Hist Gradient Boosting,test,1088,544,544,1663,0.9126838235294118,0.9126838235294117,0.9134438305709024,0.9117647058823529,0.9126034958601656,0.9727643814878892,0.9734383146334523,0.08639705882352941,0.08823529411764706,47,48,496,497
all_features,SVM,train,3262,1631,1631,1663,0.9448191293684856,0.9448191293684856,0.9459127228027043,0.9435928877988964,0.9447513812154696,0.9859876902187499,0.9774035925213483,0.0539546290619252,0.056407112201103615,88,92,1539,1543
all_features,SVM,validation,1088,544,544,1663,0.8529411764705882,0.8529411764705883,0.8692307692307693,0.8308823529411765,0.849624060150376,0.9213073096885813,0.9143130953238122,0.125,0.16911764705882354,68,92,452,476
all_features,SVM,test,1088,544,544,1663,0.8584558823529411,0.8584558823529411,0.8651685393258427,0.8492647058823529,0.8571428571428571,0.9302720858564013,0.922965151900572,0.1323529411764706,0.15073529411764705,72,82,462,472
all_features,KNN,train,3262,1631,1631,1663,0.8050275904353158,0.8050275904353157,0.7720065609622745,0.8657265481299816,0.8161849710982659,0.8916247926347315,0.8759329340930675,0.2556713672593501,0.1342734518700184,417,219,1412,1214
all_features,KNN,validation,1088,544,544,1663,0.6939338235294118,0.6939338235294117,0.6640746500777605,0.7849264705882353,0.7194608256107835,0.765574313365052,0.7228911786047432,0.39705882352941174,0.21507352941176472,216,117,427,328
all_features,KNN,test,1088,544,544,1663,0.7261029411764706,0.7261029411764706,0.6909937888198758,0.8180147058823529,0.7491582491582491,0.7895153006055363,0.7476351777998337,0.36580882352941174,0.18198529411764705,199,99,445,345
