kegg_drug,pubchem_sid,pubchem_cid
D00002,7847070,5893
D00005,7847073,643975
D00007,7847075,33032
D00014,7847082,124886
D00018,7847086,54670067
D00021,7847089,6140
D00027,7847095,1174
D00029,7847097,171548
D00032,7847100,6274
D00035,7847103,145742
D00036,7847104,936
D00037,7847105,311
D00038,7847106,243
D00039,7847107,6287
D00040,7847108,5997
D00041,7847109,6288
D00043,7847111,5936
D00045,7847113,60961
D00049,7847117,938
D00050,7847118,493570
D00052,7847120,6049
D00054,7847122,135398641
D00055,7847123,967
D00059,7847127,6047
D00065,7847133,6306
D00066,7847134,5994
D00067,7847135,5870
D00070,7847138,135398658
D00075,7847143,6013
D00079,7847147,5280360
D00086,7847154,864
D00088,7847156,5754
D00094,7847162,444795
D00095,7847163,5816
D00097,7847165,338
D00103,7847171,444305
D00105,7847173,5757
D00106,7847174,5280427
D00107,7847175,5282315
D00109,7847177,2244
D00110,7847178,122142
D00113,7847181,174174
D00118,7847186,156391
D00120,7847188,1548887
D00125,7847193,36462
D00126,7847194,3672
D00127,7847195,54676228
D00129,7847197,5280453
D00130,7847198,3059
D00131,7847199,3117
D00132,7847200,3825
D00136,7847204,3559
D00139,7847207,4114
D00141,7847209,3715
D00142,7847210,126941
D00143,7847211,8955
D00145,7847213,5578
D00148,7847216,5280483
D00151,7847219,4044
D00153,7847221,13769
D00155,7847223,439693
D00158,7847226,23677829
D00160,7847228,564
D00163,7847231,10133
D00168,7847236,6253
D00169,7847237,23663959
D00180,7847248,5280723
D00182,7847250,6230
D00183,7847251,4421
D00184,7847252,5280754
D00185,7847253,5756
D00186,7847254,2764
D00187,7847255,5280793
D00188,7847256,5280795
D00195,7847263,5362471
D00196,7847264,5983
D00198,7847266,5280954
D00203,7847271,5280965
D00208,7847275,5746
D00211,7847278,135398735
D00216,7847283,41774
D00217,7847284,1983
D00218,7847285,1986
D00219,7847286,1989
D00222,7847289,135398513
D00224,7847291,135401907
D00225,7847292,2118
D00227,7847294,9433
D00228,7847295,2170
D00231,7847298,3698
D00232,7847299,657201
D00234,7847301,2247
D00235,7847302,2249
D00241,7847307,2284
D00246,7847312,5281004
D00251,7847317,44093
D00252,7847318,2554
D00255,7847321,2585
D00270,7847336,2726
D00274,7847340,2769
D00279,7847345,2796
D00281,7847347,2803
D00283,7847349,135398737
D00285,7847351,358641
D00293,7847359,3016
D00294,7847360,3019
D00295,7847361,2756
D00298,7847364,2724385
D00299,7847365,5311071
D00300,7847366,3100
D00301,7847367,23724775
D00303,7847369,3114
D00306,7847372,16078
D00312,7847378,23667301
D00315,7847381,3308
D00316,7847382,5282375
D00317,7847383,3324
D00318,7847384,5702160
D00319,7847385,3333
D00322,7847388,3365
D00324,7847390,11954221
D00325,7847391,9642
D00326,7847392,3386
D00327,7847393,6446
D00328,7847394,15209
D00329,7847395,3393
D00330,7847396,3394
D00331,7847397,3440
D00332,7847398,3446
D00333,7847399,135398740
D00335,7847401,3478
D00336,7847402,3488
D00338,7847404,31640
D00340,7847406,3639
D00342,7847408,5905
D00345,7847411,3702
D00348,7847414,5282379
D00349,7847415,3784
D00351,7847417,47576
D00354,7847420,3878
D00356,7847422,5311221
D00358,7847424,3676
D00359,7847425,53232
D00362,7847428,5362118
D00364,7847430,3957
D00367,7847433,4020
D00369,7847435,460612
D00371,7847437,2153
D00373,7847439,5452
D00377,7847443,4075
D00379,7847445,5503
D00380,7847446,5505
D00383,7847449,5484727
D00387,7847453,5556
D00391,7847457,6256
D00392,7847458,5576
D00394,7847460,5584
D00397,7847463,5593
D00398,7847464,135398741
D00400,7847466,60846
D00401,7847467,1349907
D00410,7847476,4174
D00411,7847477,5717
D00414,7847480,60490
D00415,7847481,60857
D00416,7847482,4189
D00417,7847483,4197
D00418,7847484,4201
D00419,7847485,5282381
D00421,7847487,5362129
D00422,7847488,3001055
D00423,7847489,37542
D00425,7847491,4409
D00426,7847492,5073
D00432,7847498,39147
D00434,7847500,54454
D00437,7847503,4485
D00438,7847504,4497
D00440,7847506,3033637
D00442,7847508,383414
D00443,7847509,5833
D00448,7847514,5339
D00449,7847515,5342
D00451,7847517,5358
D00452,7847518,5359
D00454,7847520,135398745
D00455,7847521,4594
D00456,7847522,4595
D00459,7847525,54891
D00462,7847528,5878
D00463,7847529,4614
D00464,7847530,4616
D00465,7847531,4634
D00474,7847540,4909
D00475,7847541,4911
D00477,7847543,66068
D00480,7847546,6014
D00483,7847549,62882
D00487,7847553,7550
D00488,7847554,4993
D00493,7847559,4917
D00494,7847560,4927
D00495,7847561,8280
D00496,7847562,5852
D00498,7847564,441278
D00499,7847565,4737
D00501,7847567,4740
D00503,7847569,4748
D00504,7847570,4753
D00505,7847571,61100
D00506,7847572,4763
D00509,7847575,91430
D00510,7847576,4781
D00512,7847578,1775
D00513,7847579,4828
D00514,7847580,5311068
D00515,7847581,4510
D00516,7847582,6883
D00518,7847584,3038
D00519,7847585,2720
D00520,7847586,10660
D00521,7847587,5405
D00522,7847588,2541
D00523,7847589,3749
D00524,7847590,5831
D00525,7847591,5910
D00528,7847594,2519
D00530,7847596,5719
D00533,7847599,34312
D00535,7847601,5665
D00536,7847602,3331
D00537,7847603,5284627
D00538,7847604,5734
D00539,7847605,3291
D00540,7847606,11693
D00542,7847608,3562
D00543,7847609,3226
D00544,7847610,4116
D00545,7847611,3763
D00546,7847612,42113
D00547,7847613,5206
D00548,7847614,667484
D00549,7847615,4943
D00550,7847616,4192
D00552,7847618,2337
D00553,7847619,4906
D00554,7847620,5991
D00559,7847625,166589
D00560,7847626,16362
D00562,7847628,657298
D00563,7847629,4205
D00565,7847631,3339
D00566,7847632,16760658
D00567,7847633,2662
D00568,7847634,5090
D00569,7847635,4754
D00574,7847640,2145
D00577,7847643,448537
D00579,7847645,44561
D00584,7847650,3385
D00585,7847651,55245
D00586,7847652,3397
D00593,7847659,3476
D00594,7847660,65981
D00596,7847662,5281055
D00598,7847664,107952
D00601,7847667,441308
D00604,7847670,20179
D00606,7847672,71401
D00607,7847673,68552
D00609,7847675,68546
D00611,7847677,13221
D00613,7847679,49659
D00615,7847681,60496
D00616,7847682,62920
D00617,7847683,41114
D00618,7847684,4499
D00619,7847685,62969
D00620,7847686,5362123
D00621,7847687,5388961
D00622,7847688,23667962
D00623,7847689,54889
D00624,7847690,441313
D00625,7847691,441314
D00627,7847693,65999
D00629,7847695,4507
D00630,7847696,27661
D00631,7847697,91725
D00632,7847698,65324
D00633,7847699,65340
D00635,7847701,62937
D00636,7847702,441325
D00638,7847704,41022
D00639,7847705,21467
D00640,7847706,36708
D00642,7847708,64642
D00645,7847711,6100
D00646,7847712,443879
D00647,7847713,71329
D00648,7847714,5281065
D00649,7847715,68540
D00650,7847716,2315
D00651,7847717,2343
D00652,7847718,68844
D00653,7847719,6918132
D00654,7847720,3647
D00655,7847721,4100
D00656,7847722,4121
D00658,7847724,5560
D00665,7847731,5281068
D00666,7847732,23724780
D00667,7847733,5965
D00670,7847736,5741
D00673,7847739,3033332
D00674,7847740,60875
D00675,7847741,77997
D00676,7847742,59772
D00677,7847743,6918003
D00678,7847744,59774
D00682,7847748,5281074
D00683,7847749,39859
D00684,7847750,35329
D00687,7847753,56801
D00688,7847754,441334
D00690,7847756,441336
D00691,7847757,3182
D00694,7847759,23706210
D00697,7847762,3373
D00703,7847768,3284
D00704,7847769,5281077
D00708,7847773,3292
D00709,7847774,5284583
D00711,7847776,15851
D00715,7847780,23724781
D00726,7847791,4168
D00730,7847795,2482
D00732,7847797,441348
D00733,7847798,3025
D00735,7847800,68304
D00738,7847803,66070
D00739,7847804,73957
D00740,7847805,5795
D00741,7847806,8695
D00749,7847814,3899
D00752,7847817,5281078
D00753,7847818,5497196
D00759,7847824,62886
D00760,7847825,60168
D00761,7847826,24244
D00762,7847827,441350
D00765,7847830,441351
D00769,7847834,115366
D00771,7847836,2733
D00775,7847840,5070
D00779,7847844,2381
D00780,7847845,31100
D00781,7847846,5281081
D00785,7847850,26758
D00786,7847851,4659569
D00790,7847855,667467
D00791,7847856,67356
D00798,7847863,66062
D00799,7847864,66064
D00805,7847870,5853
D00809,7847874,11065
D00810,7847875,54686350
D00812,7847877,65327
D00813,7847878,84003
D00816,7847881,441358
D00823,7847888,62857
D00826,7847891,23724784
D00827,7847892,5282387
D00829,7847894,441361
D00831,7847896,65329
D00837,7847902,5462346
D00838,7847903,3033053
D00845,7847910,65494
D00882,7847946,68553
D00884,7847948,72734318
D00885,7847949,9556529
D00887,7847951,60822
D00889,7847953,23663992
D00892,7847956,23679527
D00893,7847957,16759173
D00898,7847962,667476
D00900,7847964,78000
D00902,7847966,60855
D00903,7847967,23667642
D00904,7847968,5018304
D00930,7847993,5281104
D00947,7848010,441401
D00950,7848013,13109
D00951,7848014,6279
D00954,7848017,13109
D00956,7848019,229455
D00960,7848023,2187
D00961,7848024,2375
D00962,7848025,6420009
D00963,7848026,60198
D00964,7848027,3902
D00965,7848028,4493
D00968,7848031,64747
D00969,7848032,54677470
D00970,7848033,23681059
D00987,7848050,54746
D00994,7848057,8307
D00995,7848058,8246
D00996,7848059,441411
D00998,7848061,5824
D01001,7848064,8288
D01020,7848083,6081
D01022,7848085,66259
D01024,7848087,5362376
D01027,7848090,11953898
D01051,7848114,5265
D01061,7848124,60837
D01064,7848127,135400182
D01069,7848132,56329
D01071,7848134,3608
D01097,7848160,163727
D01103,7848166,107979
D01108,7848171,24843
D01111,7848174,5311309
D01115,7848178,443872
D01118,7848181,122824
D01119,7848182,443873
D01122,7848185,3673
D01126,7848189,66250
D01132,7848195,5381
D01133,7848196,4823
D01136,7848199,5526
D01161,7848224,104741
D01164,7848227,60795
D01180,7848243,656583
D01183,7848246,610479
D01196,7848259,13290219
D01198,7848261,60790
D01211,7848274,9051
D01217,7848280,60953
D01223,7848286,185462
D01227,7848290,27522
D01228,7848291,216322
D01236,7848299,28620
D01240,7848303,63030
D01242,7848305,92163
D01243,7848306,2789
D01253,7848316,2910
D01256,7848319,62770
D01264,7848327,216457
D01269,7848332,443939
D01275,7848338,158550
D01276,7848339,117965
D01287,7848350,9270
D01294,7848357,1547484
D01295,7848358,71405
D01297,7848360,4066
D01324,7848387,5468
D01325,7848388,5282408
D01332,7848395,2329
D01346,7848409,19648
D01350,7848413,5282415
D01352,7848415,68551
D01358,7848421,38911
D01364,7848427,9878
D01367,7848430,20279
D01370,7848433,65326
D01386,7848449,443958
D01387,7848450,5807
D01390,7848453,2176
D01397,7848460,92727
D01425,7848488,151114
D01432,7848495,123596
D01441,7848504,5282418
D01448,7848511,5282419
D01450,7848513,64119
D01453,7848516,27072
D01454,7848517,5282421
D01462,7848525,3395
D01475,7848538,2097
D01513,7848576,5720
D01547,7848610,5485193
D01549,7848612,5282183
D01565,7848628,10649
D01575,7848638,4888
D01578,7848641,1981
D01582,7848645,3475
D01599,7848662,8248
D01603,7848666,65889
D01652,7848715,444020
D01665,7848728,5362115
D01667,7848730,1549120
D01688,7848751,444025
D01689,7848752,5663
D01690,7848753,71764
D01692,7848755,444030
D01699,7848762,151170
D01704,7848767,23674745
D01709,7848772,23675769
D01712,7848775,157313
D01715,7848778,133264
D01717,7848780,54384
D01718,7848781,4237
D01745,7848808,3151
D01747,7848810,636362
D01765,7848828,5282193
D01767,7848830,54677971
D01768,7848831,6420040
D01782,7848844,5284472
D01799,7848861,71793
D01811,7848873,5147
D01825,7848887,6215
D01828,7848890,2161
D01840,7848902,163751
D01842,7848904,160024
D01844,7848906,636380
D01854,7848916,6918235
D01862,7848924,5282451
D01866,7848928,54690031
D01871,7848933,71177
D01885,7848947,636397
D01888,7848950,636399
D01891,7848953,5311225
D01900,7848962,71992
D01907,7848969,30751
D01911,7848973,153751
D01915,7848977,5282455
D01918,7848980,23663985
D01925,7848987,656609
D01964,7849026,5282226
D01965,7849027,5312125
D01966,7849028,150311
D01968,7849030,121586
D01969,7849031,119442
D01973,7849035,656631
D01974,7849036,159271
D01977,7849039,123631
D01981,7849043,9574101
D01984,7849046,21121303
D01994,7849056,6918047
D02007,7849069,5282469
D02008,7849070,110635
D02017,7849079,656652
D02041,7849103,656664
D02042,7849104,6918034
D02066,7849128,656677
D02068,7849130,2723754
D02070,7849132,10429215
D02076,7849138,54405
D02082,7849144,5282474
D02086,7849147,6314
D02087,7849148,34632
D02088,7849149,108173
D02092,7849153,656684
D02098,7849159,517321
D02101,7849162,6321303
D02110,7849171,23674731
D02115,7849176,23678981
D02147,7849208,2083
D02149,7849210,5815
D02150,7849211,656783
D02163,7849224,5282479
D02166,7849227,51082
D02168,7849229,60699
D02173,7849234,121587
D02176,7849237,10917
D02193,7849253,10547
D02194,7849254,23663403
D02204,7849264,5938
D02207,7849267,23422
D02214,7849274,65348
D02217,7849276,54900
D02229,7849288,135413523
D02234,7849293,11954233
D02237,7849296,65328
D02250,7849309,441258
D02253,7849312,656845
D02258,7849317,656846
D02261,7849320,2723885
D02262,7849321,61367
D02267,7849326,169569
D02272,7849331,64640
D02278,7849337,104152
D02279,7849338,69568
D02289,7849348,247839
D02290,7849349,23706216
D02304,7849363,5962
D02308,7849367,444972
D02315,7849374,445639
D02321,7849380,2179
D02323,7849382,53359
D02327,7849386,11224
D02328,7849387,1613
D02333,7849392,54675768
D02335,7849394,4055
D02338,7849397,1978
D02340,7849399,3964
D02341,7849400,4037
D02342,7849401,2405
D02347,7849406,6914273
D02349,7849408,3105
D02350,7849409,3342
D02354,7849413,5440
D02355,7849414,5509
D02356,7849415,2520
D02357,7849416,9681
D02358,7849417,4171
D02359,7849418,33572
D02360,7849419,68617
D02361,7849420,4940
D02362,7849421,43815
D02367,7849426,40973
D02368,7849427,60750
D02374,7849433,31477
D02375,7849434,1549008
D02409,7849467,23669229
D02418,7849476,657348
D02441,7849499,3295
D02451,7849508,59694
D02461,7849517,22502
D02485,17396664,37392
D02487,17396666,9570076
D02546,17396717,11954253
D02556,17396727,467825
D02558,17396729,6918078
D02559,17396730,34521
D02560,17396731,44571
D02561,17396732,4235
D02562,17396733,3052775
D02563,17396734,60824
D02564,17396735,9373
D02566,17396737,4011
D02578,17396749,82148
D02579,17396750,3748
D02580,17396751,3759
D02581,17396752,52542
D02588,17396759,6917793
D02614,17396784,5311064
D02630,17396800,33630
D02655,17396825,37274
D02671,17396840,4078
D02698,17396865,23724511
D02709,17396876,119607
D02721,17396888,5311181
D02725,17396892,5312153
D02729,17396896,129791
D02731,17396898,135414253
D02756,17396914,451415
D02769,17396927,6083
D02826,17396983,9907628
D02835,17396992,23683779
D02880,17397037,9910986
D02884,17397041,21850
D02910,17397067,2157
D02914,17397071,6435922
D03012,17397168,166558
D03034,17397189,2266
D03037,17397192,9571003
D03077,17397232,5463984
D03115,17397270,23724856
D03165,17397319,31101
D03180,17397334,2479
D03187,17397341,5311035
D03208,17397362,5493444
D03210,17397364,9869929
D03217,17397370,6450551
D03218,17397371,5328940
D03252,17397405,135413545
D03260,17397413,6431825
D03274,17397426,156413
D03350,17397500,89594
D03365,17397514,11954344
D03415,17397555,3033824
D03433,17397573,189729
D03440,17397580,16129675
D03442,17397582,66383
D03450,17397590,167446
D03490,17397626,50963
D03503,17397637,21155870
D03580,47205864,9859832
D03601,17397711,6726
D03621,17397725,54343
D03642,47205878,6436002
D03643,17397743,444031
D03654,17397751,2973
D03670,17397766,3058754
D03689,17397783,123619
D03710,17397801,208910
D03712,17397803,151166
D03714,17397805,119828
D03716,17397807,15895902
D03717,17397808,159324
D03720,17397811,60781
D03722,17397813,11954363
D03728,17397817,26757
D03731,17397820,6446650
D03733,17397822,170321
D03734,17397823,71355
D03735,17397824,156422
D03738,17397827,60594
D03741,17397830,5464201
D03742,17397831,5360696
D03743,17397832,64922
D03745,17397834,3086651
D03751,17397840,135462830
D03752,17397841,54892
D03753,17397842,107807
D03756,17397845,10457278
D03758,17397847,71320
D03760,17397849,6917815
D03763,17397852,6917956
D03765,17397854,6850814
D03767,17397856,3033690
D03769,17397858,6917719
D03772,17397861,62956
D03773,17397862,107994
D03775,17397864,3033702
D03776,17397865,11954366
D03778,17397867,11954367
D03781,17397870,11983193
D03784,17397872,71454
D03787,17397875,11954368
D03788,17397876,107706
D03798,17397886,54676038
D03803,17397891,157838
D03805,17397893,190816
D03806,17397894,5278
D03807,17397895,5724
D03816,17397903,11954370
D03822,17397908,77991
D03823,17397909,132228
D03826,17397912,6419928
D03828,17397914,135413520
D03829,17397915,11954371
D03830,17397916,3037122
D03845,17397931,60692
D03858,17397943,3055
D03878,17397962,6420042
D03879,17397963,36811
D03880,17397964,3038222
D03881,17397965,208850
D03882,17397966,1967
D03899,17397983,31703
D03966,47205952,156665
D03991,17397996,48040
D04006,17398000,1676
D04023,17398007,176871
D04024,17398008,11557040
D04025,17398009,6444692
D04028,17398010,3034010
D04029,17398011,204101
D04031,17398012,472335
D04034,47205999,23724898
D04040,17398013,5281037
D04048,47206010,6918111
D04066,47206023,259331
D04092,17398024,8366
D04197,47206143,5790
D04292,47206224,9651
D04370,47206270,5284566
D04375,47206274,5702063
D04625,47206468,3762
D04716,47206541,15130
D04790,47206600,157920
D04966,47206702,4091
D04979,47206710,14677
D04983,47206713,876
D04985,47206715,9034
D04999,47206727,4158
D05024,47206751,60662
D05077,47206804,34633
D05113,47206838,5360515
D05129,47206854,50294
D05156,47206880,2735102
D05246,47206963,158781
D05312,47207011,5284603
D05341,47207027,985
D05353,17398288,4679
D05407,47207082,135398748
D05453,47207122,9795678
D05458,47207127,4771
D05461,47207130,23724987
D05740,47207401,19610426
D05792,47207453,5152
D05938,47207596,41693
D06056,47207714,135409453
D06106,47207764,3032285
D06172,47207830,38945
D06238,47207896,5583
D06396,47208053,3035241
